Workbook

Sheet Шаблон
A1: 23 неделя с 25.05 по 31.05.2026
A2: ОРС | M2: Факт
A3: Ростов | B3: Осталось собрать на 25.05 | C3: Факт с 25.05-31.05.2026 | D3: Осталось собрать на 01.06.2026 | K3: Менеджеры | L3: Счета Юр.услуги | M3: Счета Вступления | N3: Сбор Юр.услуги | O3: Кол-во вступлений
A4: Начислено за квартал | K4: Наташа
A5: Переплата за квартал | K5: Ира
A6: План сбора за квартал | K6: Таня
A7: Долг действующие | K7: Роман
A8: Долг исключенные | K8: Давид
A9: Сбор ЧВ по вступившим в этом квартале | K9: Итого:
A10: Переплата
A11: Сумма ЧВ у пристовов | M11: План
A12: Сумма ЧВ в суде | K12: Менеджеры | L12: Счета Юр.услуги | M12: Счета Вступления | N12: Сбор Юр.услуги | O12: Кол-во вступлений
A13: Поступление от судебной деятельности | K13: Наташа
A14: Итого: | K14: Ира
K15: Таня
A16: Бизнес-групп | K16: Роман
A17: Наименование | B17: План на | C17: 01.06.2026 | D17: Факт на | E17: 25.05-31.05.2026 | F17: Поступление на | G17: 25.07-25.07.2026 | H17: План на | I17: 23.07.2026 | K17: Давид
B18: Колличество | C18: Сумма | D18: Колличество | E18: Сумма | F18: Колличество | G18: Сумма | H18: Колличество | I18: Сумма | K18: Итого:
A19: Выставленные счета на юр. Услугам
A20: Выставленные счета на прохождение экзамена
A21: Ранее выставленные счета на юр. Услуги
A22: Ранее выставленные счета на экзамен
A23: Счета на вступления
A24: Вступления
A25: Итог:
A27: Юрлидер
A28: Наименование | B28: План на | C28: 01.06.2026 | D28: Факт на | E28: 25.05-31.05.2026 | F28: Поступление на | G28: 25.07-25.07.2026 | H28: План на | I28: 23.07.2026
B29: Колличество | C29: Сумма | D29: Колличество | E29: Сумма | F29: Колличество | G29: Сумма | H29: Колличество | I29: Сумма
A30: Выставленные счета на юр. Услугам
A31: Ранее выставленные счета на юр. Услуги
A32: Счета на вступления
A33: Вступления
A34: Итог:
A36: Юридический отдел
A37: Наименование | B37: Факт с 25.05-31.05.2026 | C37: Факт с 25.05-31.05.20262 | D37: Факт с 25.05-31.05.20263
A38: Сумма ЧВ у приставов действ
A39: Сумма ЧВ в суде действ
A40: Сумма ЧВ у приставов искл
A41: Сумма ЧВ в суде искл
A42: Поступления по СД искл
A43: Поступление по СД действ
A44: Итого в суде
A46: Барановская
A47: Наименование | B47: Факт с 25.05-31.05.2026
A48: Счета на юридические услуги
A49: Поступления по юр. Услугам

Sheet Злобин Андрей
A1: Ростов
A2: № | B2: Наименование | C2: Осталось собрать на 01.01 | D2: Факт с 01.01 по 18.01 | E2: осталось собрать на 18.01
A3: 1 | B3: Членские взносы | C3: 19534860 | D3: 4815200 | E3: =C3-D3 -> 14719660
A4: 2 | B4: Долг действующие | C4: 14803324 | D4: 155500 | E4: =C4-D4 -> 14647824
A5: 3 | B5: Долг исключенные | C5: 10075715 | D5: 254300 | E5: =C5-D5 -> 9821415
A6: 4 | B6: переплата | D6: 329800
A7: 5 | B7: возврат ошибочно переведенных
B8: Итого: | C8: 44413899 | D8: 5554800 | E8: =SUM(E3:E5) -> 39188899

Sheet 3 неделя
A2: 3 неделя с 01.01 по 18.01.2026
A3: Ростов | H3: Факт
A4: Наименование | B4: Осталось собрать на 01.01 | C4: Факт с 01.01 по 18.01 | D4: осталось собрать на 19.01 | E4: План | I4: Счета Юр.услуги | J4: Счета Вступления | K4: Сбор Юр.услуги | L4: Кол-во вступлений
A5: Членские взносы | B5: 19534860 | C5: 5732150 | D5: =B5-C5 -> 13802710 | H5: Наташа | I5: 13 | J5: 1 | K5: 400000 | L5: 1
A6: Долг действующие | B6: 14803324 | C6: 155500 | D6: =B6-C6 -> 14647824 | H6: Ира | I6: 2 | J6: 3 | K6: 205000 | L6: 0
A7: Долг исключенные | B7: 10075715 | C7: 254300 | D7: =B7-C7 -> 9821415 | H7: Таня | I7: 2 | J7: 0 | K7: 0 | L7: 0
A8: переплата | C8: 336000 | H8: Роман | I8: 1 | J8: 0 | K8: 35000 | L8: 0
A9: Итого: | B9: =SUM(B5:B8) -> 44413899 | C9: =SUM(C5:C8) -> 6477950 | D9: =SUM(D5:D7) -> 38271949 | H9: Давид | I9: 0 | J9: 0 | K9: 0 | L9: 0
H10: Итого: | I10: =SUBTOTAL(109,I5:I9) -> 18 | J10: =SUBTOTAL(109,J5:J9) -> 4 | K10: =SUM(K5:K9) -> 640000 | L10: =SUM(L5:L9) -> 1
A11: БГ
A12: Наименование | B12: План на 01.01 | C12: Факт с 01.01 по 18.01 | D12: План на 19.01 | H12: План
A13: Счета на чв | B13: 0 | C13: 900 | D13: 0 | I13: Счета Юр.услуги | J13: Счета Вступления | K13: Сбор Юр.услуги | L13: Кол-во вступлений
A14: Счета на юридические услуги. | B14: 0 | C14: 1 | D14: 10 | H14: Наташа | I14: 3 | J14: 0 | K14: 100000 | L14: 0
A15: Поступления по юр. Услугам. | B15: 0 | C15: 40000 | D15: 500000 | H15: Ира | I15: 1 | J15: 1 | K15: 50000 | L15: 3
A16: Счета на прохождение экзамена | B16: 0 | C16: 1 | D16: 1 | H16: Таня | I16: 1 | J16: 1 | K16: 50000 | L16: 1
A17: Счета на вступления. | B17: 0 | C17: 4 | D17: 5 | H17: Роман | I17: 0 | J17: 0 | K17: 50000 | L17: 0
A18: Вступления. | B18: 0 | C18: 4 | D18: 5 | H18: Давид | I18: 0 | J18: 0 | K18: 0 | L18: 0
A19: Получение исп. Листов | B19: 0 | C19: 5 | D19: 5 | H19: Итого: | I19: =SUM(I14:I18) -> 5 | J19: =SUM(J14:J18) -> 2 | K19: =SUM(K14:K18) -> 250000 | L19: =SUM(L14:L18) -> 4
A20: Подача в суд по ч\в. | B20: 0 | C20: 0 | D20: 0
A21: Сбор по исполнительным листам | B21: 0 | C21: 178300 | D21: 6420000
A22: Сбор за экзамен | B22: 0 | C22: 0 | D22: 26000
A23: Итого: | C23: =C15+C21+C22 -> 218300
A25: Юрлидер
A26: Наименование | B26: План на 01.01 | C26: Факт с 01.01 по 18.01 | D26: План на 19.01
A27: Счета на юр услуги. | B27: 0 | C27: 18 | D27: 5
A28: Счета на вступления | B28: 0 | C28: 4 | D28: 2
A29: Сбор юр услуги | B29: 0 | C29: 640000 | D29: 250000
A30: Вступления | B30: 0 | C30: 1 | D30: 4

Sheet 4 неделя
A1: 4 неделя с 19.01 по 23.01.2026
A2: Ростов | I2: Факт
A3: Наименование | B3: Осталось собрать на 19.01 | C3: Факт с 19.01 по 23.01 | D3: осталось собрать на 23.01 | E3: План | H3: Счета Юр.услуги | I3: Счета Вступления | J3: Сбор Юр.услуги | K3: Кол-во вступлений
A4: Членские взносы | B4: 13802710 | C4: 1405500 | D4: =Таблица8[[#This Row],[Осталось собрать на 19.01]]-Таблица8[[#This Row],[Факт с 19.01 по 23.01]] -> 12397210 | G4: Наташа | H4: 7 | I4: 1 | J4: 345000 | K4: 0
A5: Долг действующие | B5: 14647824 | C5: 349500 | D5: =Таблица8[[#This Row],[Осталось собрать на 19.01]]-Таблица8[[#This Row],[Факт с 19.01 по 23.01]] -> 14298324 | G5: Ира | H5: 10 | I5: 0 | J5: 495000 | K5: 2
A6: Долг исключенные | B6: 9821415 | C6: 189967.17 | D6: =Таблица8[[#This Row],[Осталось собрать на 19.01]]-Таблица8[[#This Row],[Факт с 19.01 по 23.01]] -> 9631447.8 | G6: Таня | H6: 7 | I6: 1 | J6: 25000 | K6: 0
A7: переплата | C7: 180000 | G7: Роман | H7: 0 | I7: 0 | J7: 0 | K7: 0
A8: Итого: | B8: =SUM(B4:B7) -> 38271949 | C8: =SUM(C4:C7) -> 2124967.2 | D8: =SUM(D4:D6) -> 36326982 | G8: Давид | H8: 14 | I8: 1 | J8: 170000 | K8: 1
G9: Итого: | H9: =SUM(H4:H8) -> 38 | I9: =SUBTOTAL(109,I4:I8) -> 3 | J9: =SUM(J4:J8) -> 1035000 | K9: =SUM(K4:K8) -> 3
A10: БГ
A11: Наименование | B11: План на 19.01 | C11: Факт с 19.01 по 23.01 | D11: План на 23.01 | I11: План
A12: Счета на чв | B12: 0 | C12: 900 | D12: 0 | H12: Счета Юр.услуги | I12: Счета Вступления | J12: Сбор Юр.услуги | K12: Кол-во вступлений
A13: Счета на юридические услуги. | B13: 10 | C13: 8 | D13: 12 | G13: Наташа | H13: 5 | I13: 1 | J13: 100000 | K13: 1
A14: Поступления по юр. Услугам. | B14: 500000 | C14: 415000 | D14: 600000 | G14: Ира | H14: 1 | I14: 1 | J14: 50000 | K14: 1
A15: Счета на прохождение экзамена | B15: 1 | C15: 1 | D15: 1 | G15: Таня | H15: 5 | I15: 1 | J15: 100000 | K15: 1
A16: Счета на вступления. | B16: 5 | C16: 4 | D16: 5 | G16: Роман | H16: 2 | I16: 0 | J16: 70000 | K16: 0
A17: Вступления. | B17: 5 | C17: 4 | D17: 5 | G17: Давид | H17: 1 | I17: 0 | J17: 100000 | K17: 0
A18: Получение исп. Листов | B18: 5 | C18: 5 | D18: 0 | G18: Итого: | H18: =SUM(H13:H17) -> 14 | I18: =SUM(I13:I17) -> 3 | J18: =SUM(J13:J17) -> 420000 | K18: =SUM(K13:K17) -> 3
A19: Подача в суд по ч\в. | B19: 0 | C19: 0 | D19: 0
A20: Сбор по исполнительным листам | B20: 3420000 | C20: 346967 | D20: 6049000
A21: Сбор за экзамен | B21: 26000 | C21: 0 | D21: 26000
A22: Итого: | C22: =C14+C20+C21 -> 761967
A24: Юрлидер
A25: Наименование | B25: План на 19.01 | C25: Факт с 19.01 по 23.01 | D25: План на 23.01
A26: Счета на юр услуги. | B26: 5 | C26: 38 | D26: 14
A27: Счета на вступления | B27: 2 | C27: 3 | D27: 3
A28: Сбор юр услуги | B28: 250000 | C28: 1035000 | D28: 420000
A29: Вступления | B29: 4 | C29: 3 | D29: 3

Sheet 5 неделя
A1: 4 неделя с 26.01 по 30.01.2026
A2: Ростов | I2: Факт
A3: Наименование | B3: Осталось собрать на 26.01 | C3: Факт с 26.01 по 30.01 | D3: осталось собрать на 30.01 | E3: План | H3: Счета Юр.услуги | I3: Счета Вступления | J3: Сбор Юр.услуги | K3: Кол-во вступлений
A4: Членские взносы | B4: 12397210 | C4: 564500 | D4: =Таблица814[[#This Row],[Осталось собрать на 26.01]]-Таблица814[[#This Row],[Факт с 26.01 по 30.01]] -> 11832710 | G4: Наташа | H4: 9 | I4: 0 | J4: 160000 | K4: 0
A5: Долг действующие | B5: 14298324 | C5: 203000 | D5: =Таблица814[[#This Row],[Осталось собрать на 26.01]]-Таблица814[[#This Row],[Факт с 26.01 по 30.01]] -> 14095324 | G5: Ира | H5: 2 | I5: 1 | J5: 165000 | K5: 0
A6: Долг исключенные | B6: 9631448 | C6: 203000 | D6: =Таблица814[[#This Row],[Осталось собрать на 26.01]]-Таблица814[[#This Row],[Факт с 26.01 по 30.01]] -> 9428448 | G6: Таня | H6: 3 | I6: 0 | J6: 40000 | K6: 0
A7: переплата | C7: 120000 | G7: Роман | H7: 3 | I7: 0 | J7: 45000 | K7: 0
A8: Итого: | B8: =SUM(B4:B7) -> 36326982 | C8: =SUM(C4:C7) -> 1090500 | D8: =SUM(D4:D6) -> 35356482 | G8: Давид | H8: 1 | I8: 1 | J8: 47000 | K8: 0
G9: Итого: | H9: =SUM(H4:H8) -> 18 | I9: =SUBTOTAL(109,I4:I8) -> 2 | J9: =SUM(J4:J8) -> 457000 | K9: =SUM(K4:K8) -> 0
A10: БГ
A11: Наименование | B11: План на 26.01 | C11: Факт с 26.01 по 30.01 | D11: План на 30.01 | I11: План
A12: Счета на чв | B12: 0 | C12: 0 | D12: 0 | H12: Счета Юр.услуги | I12: Счета Вступления | J12: Сбор Юр.услуги | K12: Кол-во вступлений
A13: Счета на юридические услуги. | B13: 12 | C13: 7 | D13: 6 | G13: Наташа | H13: 5 | I13: 0 | J13: 150000 | K13: 0
A14: Поступления по юр. Услугам. | B14: 600000 | C14: 370000 | D14: 300000 | G14: Ира | H14: 1 | I14: 1 | J14: 50000 | K14: 1
A15: Счета на прохождение экзамена | B15: 1 | C15: 0 | D15: 1 | G15: Таня | H15: 5 | I15: 1 | J15: 50000 | K15: 1
A16: Счета на вступления. | B16: 5 | C16: 2 | D16: 0 | G16: Роман | H16: 2 | I16: 0 | J16: 120000 | K16: 0
A17: Вступления. | B17: 5 | C17: 2 | D17: 5 | G17: Давид | H17: 1 | I17: 1 | J17: 100000 | K17: 1
A18: Получение исп. Листов | B18: 0 | C18: 0 | D18: 4 | G18: Итого: | H18: =SUM(H13:H17) -> 14 | I18: =SUM(I13:I17) -> 3 | J18: =SUM(J13:J17) -> 470000 | K18: =SUM(K13:K17) -> 3
A19: Подача в суд по ч\в. | B19: 0 | C19: 0 | D19: 0
A20: Сбор по исполнительным листам | B20: 6049000 | C20: 317000 | D20: 6260000
A21: Сбор за экзамен | B21: 26000 | C21: 0 | D21: 26000
A22: Итого: | C22: =C14+C20+C21 -> 687000
A24: Юрлидер
A25: Наименование | B25: План на 26.01 | C25: Факт с 26.01 по 30.01 | D25: План на 30.01
A26: Счета на юр услуги. | B26: 14 | C26: 18 | D26: 14
A27: Счета на вступления | B27: 3 | C27: 2 | D27: 3
A28: Сбор юр услуги | B28: 420 | C28: 457000 | D28: 470000
A29: Вступления | B29: 3 | C29: 0 | D29: 3

Sheet 6 неделя
A2: 6 неделя с 02.02 по 08.02.2026
A3: Ростов | I3: Факт
A4: Наименование | B4: Осталось собрать на 30.01 | C4: Факт с 02.02 по 08.02 | D4: План на 09.02 | E4: План | H4: Счета Юр.услуги | I4: Счета Вступления | J4: Сбор Юр.услуги | K4: Кол-во вступлений
A5: Членские взносы | B5: ='5 неделя'!D4 -> 11832710 | C5: 245000 | D5: =Таблица81419[[#This Row],[Осталось собрать на 30.01]]-Таблица81419[[#This Row],[Факт с 02.02 по 08.02]] -> 11587710 | G5: Наташа
A6: Долг действующие | B6: ='5 неделя'!D5 -> 14095324 | C6: 50000 | D6: =Таблица81419[[#This Row],[Осталось собрать на 30.01]]-Таблица81419[[#This Row],[Факт с 02.02 по 08.02]] -> 14045324 | G6: Ира | H6: 3 | I6: 2 | J6: 255000 | K6: 0
A7: Долг исключенные | B7: ='5 неделя'!D6 -> 9428448 | C7: 0 | D7: =Таблица81419[[#This Row],[Осталось собрать на 30.01]]-Таблица81419[[#This Row],[Факт с 02.02 по 08.02]] -> 9428448 | G7: Таня | H7: 3 | I7: 2 | J7: 175000 | K7: 1
A8: переплата | B8: ='5 неделя'!D7 -> 0 | C8: 45000 | G8: Роман | H8: 3 | I8: 0 | J8: 60000 | K8: 0
A9: Итого: | B9: ='5 неделя'!D8 -> 35356482 | C9: =SUM(C5:C8) -> 340000 | D9: =SUM(D5:D7) -> 35061482 | G9: Давид | H9: 3 | I9: 1 | J9: 0 | K9: 0
G10: Итого: | H10: =SUM(H5:H9) -> 12 | I10: =SUM(I5:I9) -> 5 | J10: =SUM(J5:J9) -> 490000 | K10: =SUM(K5:K9) -> 1
A11: БГ
A12: Наименование | B12: План на 30.01 | C12: Факт с 02.02 по 08.02 | D12: План на 09.02 | I12: План
A13: Счета на чв | B13: 0 | C13: 0 | D13: 0 | H13: Счета Юр.услуги | I13: Счета Вступления | J13: Сбор Юр.услуги | K13: Кол-во вступлений
A14: Счета на юридические услуги. | B14: 6 | C14: 4 | D14: 5 | G14: Наташа
A15: Поступления по юр. Услугам. | B15: 300000 | C15: 175000 | D15: 250000 | G15: Ира | H15: 1 | I15: 1 | J15: 50000 | K15: 2
A16: Счета на прохождение экзамена | B16: 1 | C16: 5 | D16: 6 | G16: Таня | H16: 1 | I16: 1 | J16: 50000 | K16: 1
A17: Счета на вступления. | B17: 0 | C17: 2 | D17: 5 | G17: Роман | H17: 1 | I17: 0 | J17: 100000 | K17: 0
A18: Вступления. | B18: 5 | C18: 2 | D18: 5 | G18: Давид | H18: 1 | I18: 0 | J18: 75000 | K18: 0
A19: Получение исп. Листов | B19: 4 | C19: 4 | D19: 4 | G19: Итого: | H19: =SUM(H15:H18) -> 4 | I19: =SUM(I15:I18) -> 2 | J19: =SUM(J15:J18) -> 275000 | K19: =SUM(K15:K18) -> 3
A20: Подача в суд по ч\в. | B20: 0 | C20: 0 | D20: 0
A21: Сбор по исполнительным листам | B21: 6260000 | C21: 0 | D21: 6360000
A22: Сбор за экзамен | B22: 26000 | C22: 0 | D22: 0
A23: Итого: | C23: =C15+C21+C22 -> 175000
A25: Юрлидер
A26: Наименование | B26: План на 30.01 | C26: Факт с 02.02 по 08.02 | D26: План на 09.02
A27: Счета на юр услуги. | B27: 14 | C27: 12 | D27: 4
A28: Счета на вступления | B28: 3 | C28: 5 | D28: 2
A29: Сбор юр услуги | B29: 470000 | C29: 490000 | D29: 275000
A30: Вступления | B30: 3 | C30: 1 | D30: 3

Sheet 7 неделя
A2: 7 неделя с 09.02 по 15.02.2026
A3: Ростов | I3: Факт
A4: Наименование | B4: Осталось собрать на 09.02 | C4: Факт с 09.02 по 15.02 | D4: План на 16.02 | E4: План | H4: Счета Юр.услуги | I4: Счета Вступления | J4: Сбор Юр.услуги | K4: Кол-во вступлений
A5: Членские взносы | B5: =Таблица81419[[#This Row],[План на 09.02]] -> 11587710 | C5: 380000 | D5: =Таблица814192423[[#This Row],[Осталось собрать на 09.02]]-Таблица814192423[[#This Row],[Факт с 09.02 по 15.02]] -> 11207710 | G5: Наташа | H5: 3 | I5: 0 | J5: 0 | K5: 0
A6: Долг действующие | B6: =Таблица81419[[#This Row],[План на 09.02]] -> 14045324 | C6: 245000 | D6: =Таблица814192423[[#This Row],[Осталось собрать на 09.02]]-Таблица814192423[[#This Row],[Факт с 09.02 по 15.02]] -> 13800324 | G6: Ира | H6: 2 | I6: 2 | J6: 150000 | K6: 1
A7: Долг исключенные | B7: =Таблица81419[[#This Row],[План на 09.02]] -> 9428448 | C7: 96000 | D7: =Таблица814192423[[#This Row],[Осталось собрать на 09.02]]-Таблица814192423[[#This Row],[Факт с 09.02 по 15.02]] -> 9332448 | G7: Таня | H7: 3 | I7: 1 | J7: 40000 | K7: 0
A8: переплата | B8: =Таблица81419[[#This Row],[План на 09.02]] -> 0 | C8: 2452000 | G8: Роман | H8: 3 | I8: 0 | J8: 0 | K8: 0
A9: Итого: | B9: =Таблица81419[[#This Row],[План на 09.02]] -> 35061482 | C9: =SUM(C5:C8) -> 3173000 | D9: =SUM(D5:D7) -> 34340482 | G9: Давид | H9: 1 | I9: 0 | J9: 55000 | K9: 0
G10: Итого: | H10: =SUM(H5:H9) -> 12 | I10: =SUM(I5:I9) -> 3 | J10: =SUM(J5:J9) -> 245000 | K10: =SUM(K5:K9) -> 1
A11: БГ
A12: Наименование | B12: Осталось собрать на 09.02 | C12: Факт с 09.02 по 15.02 | D12: План на 16.02 | I12: План
A13: Счета на чв | B13: 0 | C13: 0 | D13: 0 | H13: Счета Юр.услуги | I13: Счета Вступления | J13: Сбор Юр.услуги | K13: Кол-во вступлений
A14: Счета на юридические услуги. | B14: 5 | C14: 2 | D14: 10 | G14: Наташа
A15: Поступления по юр. Услугам. | B15: 250000 | C15: 100000 | D15: 500000 | G15: Ира
A16: Счета на прохождение экзамена | B16: 6 | C16: 3 | D16: 5 | G16: Таня
A17: Счета на вступления. | B17: 5 | C17: 5 | D17: 5 | G17: Роман
A18: Вступления. | B18: 5 | C18: 5 | D18: 5 | G18: Давид
A19: Получение исп. Листов | B19: 4 | C19: 4 | D19: 3 | G19: Итого: | H19: =SUM(H14:H18) -> 0 | I19: =SUM(I14:I18) -> 0 | J19: =SUM(J14:J18) -> 0 | K19: =SUM(K14:K18) -> 0
A20: Подача в суд по ч\в. | B20: 0 | C20: 0 | D20: 0
A21: Сбор по исполнительным листам | B21: 6360000 | C21: 295144 | D21: 6150000
A22: Сбор за экзамен | B22: 0 | C22: 0 | D22: 0
A23: Итого: | C23: =C15+C21+C22 -> 395144
A25: Юрлидер
A26: Наименование | B26: Осталось собрать на 09.02 | C26: Факт с 09.02 по 15.02 | D26: План на 16.02
A27: Счета на юр услуги. | B27: 4 | C27: 12 | D27: 25
A28: Счета на вступления | B28: 2 | C28: 3 | D28: 2
A29: Сбор юр услуги | B29: 275000 | C29: 245000 | D29: 460000
A30: Вступления | B30: 3 | C30: 1 | D30: 2

Sheet 8 неделя
A2: 8 неделя с 16.02 по 22.02.2026
A3: Ростов | I3: Факт
A4: Наименование | B4: Осталось собрать на 16.02 | C4: Факт с 16.02 по 22.02 | D4: План на 23.02 | E4: План | H4: Счета Юр.услуги | I4: Счета Вступления | J4: Сбор Юр.услуги | K4: Кол-во вступлений
A5: Членские взносы | B5: =Таблица814192423[[#This Row],[План на 16.02]] -> 11207710 | C5: 568000 | D5: =Таблица81419242318[[#This Row],[Осталось собрать на 16.02]]-Таблица81419242318[[#This Row],[Факт с 16.02 по 22.02]] -> 10639710 | G5: Наташа | H5: 10 | I5: 3 | J5: 530000 | K5: 0
A6: Долг действующие | B6: =Таблица814192423[[#This Row],[План на 16.02]] -> 13800324 | C6: 90000 | D6: =Таблица81419242318[[#This Row],[Осталось собрать на 16.02]]-Таблица81419242318[[#This Row],[Факт с 16.02 по 22.02]] -> 13710324 | G6: Ира | H6: 10 | I6: 1 | J6: 340000 | K6: 2
A7: Долг исключенные | B7: =Таблица814192423[[#This Row],[План на 16.02]] -> 9332448 | C7: 0 | D7: =Таблица81419242318[[#This Row],[Осталось собрать на 16.02]]-Таблица81419242318[[#This Row],[Факт с 16.02 по 22.02]] -> 9332448 | G7: Таня | H7: 3 | I7: 1 | J7: 50000 | K7: 0
A8: переплата | B8: =Таблица814192423[[#This Row],[План на 16.02]] -> 0 | C8: 185000 | G8: Роман | H8: 0 | I8: 0 | J8: 0 | K8: 0
A9: Итого: | B9: =Таблица814192423[[#This Row],[План на 16.02]] -> 34340482 | C9: =SUM(C5:C8) -> 843000 | D9: =SUM(D5:D7) -> 33682482 | G9: Давид | H9: 8 | I9: 0 | J9: 65000 | K9: 0
G10: Итого: | H10: =SUM(H5:H9) -> 31 | I10: =SUM(I5:I9) -> 5 | J10: =SUM(J5:J9) -> 985000 | K10: =SUM(K5:K9) -> 2
A12: БГ | I12: План
A13: Наименование | B13: Осталось собрать на 16.02 | C13: Факт с 16.02 по 22.02 | D13: План на 23.02 | H13: Счета Юр.услуги | I13: Счета Вступления | J13: Сбор Юр.услуги | K13: Кол-во вступлений
A14: Счета на чв | B14: 0 | C14: 0 | D14: 0 | G14: Наташа | H14: 5 | I14: 1 | J14: 100000 | K14: 1
A15: Счета на юридические услуги. | B15: 10 | C15: 13 | D15: 10 | G15: Ира | H15: 1 | I15: 1 | J15: 50000 | K15: 1
A16: Поступления по юр. Услугам. | B16: 500000 | C16: 675000 | D16: 500000 | G16: Таня | H16: 4 | I16: =SUM(I11:I15) -> 2 | J16: 100000 | K16: 2
A17: Счета на прохождение экзамена | B17: 5 | C17: 1 | D17: 2 | G17: Роман | H17: 0 | I17: 0 | J17: 0 | K17: 0
A18: Счета на вступления. | B18: 5 | C18: 4 | D18: 5 | G18: Давид | H18: 1 | I18: 0 | J18: 30000 | K18: 1
A19: Вступления. | B19: 5 | C19: 4 | D19: 5 | G19: Итого: | H19: =SUM(H14:H18) -> 11 | I19: =SUM(I14:I18) -> 4 | J19: =SUM(J14:J18) -> 280000 | K19: =SUM(K14:K18) -> 5
A20: Получение исп. Листов | B20: 3 | C20: 3 | D20: 0
A21: Подача в суд по ч\в. | B21: 0 | C21: 0 | D21: 0
A22: Сбор по исполнительным листам | B22: 6150000 | C22: 196000 | D22: 6250000
A23: Сбор за экзамен | B23: 0 | C23: 0 | D23: 0
A24: Итого: | C24: =C16+C22+C23 -> 871000
A26: Юрлидер
A27: Наименование | B27: Осталось собрать на 16.02 | C27: Факт с 16.02 по 22.02 | D27: План на 23.02
A28: Счета на юр услуги. | B28: 25 | C28: 31 | D28: 11
A29: Счета на вступления | B29: 2 | C29: 5 | D29: 4
A30: Сбор юр услуги | B30: 460000 | C30: 985000 | D30: 280000
A31: Вступления | B31: 2 | C31: 2 | D31: 5

Sheet 9 неделя
A2: 9 неделя с 23.02 по 01.03.2026
A3: Ростов | I3: Факт
A4: Наименование | B4: Осталось собрать на 23.02 | C4: Факт с 23.02 по 01.03 | D4: План на 02.03 | E4: План | H4: Счета Юр.услуги | I4: Счета Вступления | J4: Сбор Юр.услуги | K4: Кол-во вступлений
A5: Членские взносы | B5: =Таблица81419242318[[#This Row],[План на 23.02]] -> 10639710 | C5: 695000 | D5: =Таблица81419242934[[#This Row],[Осталось собрать на 23.02]]-Таблица81419242934[[#This Row],[Факт с 23.02 по 01.03]] -> 9944710 | G5: Наташа | H5: 5 | I5: 1 | J5: 235000 | K5: 1
A6: Долг действующие | B6: =Таблица81419242318[[#This Row],[План на 23.02]] -> 13710324 | C6: 124000 | D6: =Таблица81419242934[[#This Row],[Осталось собрать на 23.02]]-Таблица81419242934[[#This Row],[Факт с 23.02 по 01.03]] -> 13586324 | G6: Ира | H6: 10 | I6: 1 | J6: 125000 | K6: 2
A7: Долг исключенные | B7: =Таблица81419242318[[#This Row],[План на 23.02]] -> 9332448 | C7: 47702 | D7: =Таблица81419242934[[#This Row],[Осталось собрать на 23.02]]-Таблица81419242934[[#This Row],[Факт с 23.02 по 01.03]] -> 9284746 | G7: Таня | H7: 4 | I7: 1 | J7: 85000 | K7: 3
A8: переплата | C8: 279495 | G8: Роман | H8: 0 | I8: 0 | J8: 0 | K8: 0
A9: Итого: | B9: =SUM(B5:B8) -> 33682482 | C9: =SUM(C5:C8) -> 1146197 | D9: =SUM(D5:D7) -> 32815780 | G9: Давид | H9: 1 | I9: 0 | J9: 55000 | K9: 1
G10: Итого: | H10: =SUM(H5:H9) -> 20 | I10: =SUM(I5:I9) -> 3 | J10: =SUM(J5:J9) -> 500000 | K10: =SUM(K5:K9) -> 7
A11: БГ
A12: Наименование | B12: Осталось собрать на 23.02 | C12: Факт с 23.02 по 01.03 | D12: План на 02.03 | I12: План
A13: Счета на чв | B13: 0 | C13: 0 | D13: 0 | H13: Счета Юр.услуги | I13: Счета Вступления | J13: Сбор Юр.услуги | K13: Кол-во вступлений
A14: Счета на юридические услуги. | B14: 10 | C14: 11 | D14: 4 | G14: Наташа | H14: 1 | I14: 1 | J14: 50000 | K14: 1
A15: Поступления по юр. Услугам. | B15: 500000 | C15: 560000 | D15: 200000 | G15: Ира | H15: 1 | I15: 1 | J15: 50000 | K15: 1
A16: Счета на прохождение экзамена | B16: 2 | C16: 3 | D16: 4 | G16: Таня | H16: 1 | I16: 1 | J16: 50000 | K16: 1
A17: Счета на вступления. | B17: 5 | C17: 8 | D17: 6 | G17: Роман | H17: 2 | I17: 0 | J17: 70000 | K17: 0
A18: Вступления. | B18: 5 | C18: 8 | D18: 6 | G18: Давид | H18: 1 | I18: 0 | J18: 60000 | K18: 0
A19: Получение исп. Листов | B19: 0 | C19: 0 | D19: 1 | G19: Итого: | H19: =SUM(H14:H18) -> 6 | I19: =SUM(I14:I18) -> 3 | J19: =SUM(J14:J18) -> 280000 | K19: =SUM(K14:K18) -> 3
A20: Подача в суд по ч\в. | B20: 0 | C20: 0 | D20: 0
A21: Сбор по исполнительным листам | B21: 6250000 | C21: 0 | D21: 6250000
A22: Сбор за экзамен | B22: 0 | C22: 0 | D22: 0
A23: Итого: | C23: =SUM(C15,C22) -> 560000
A25: Юрлидер
A26: Наименование | B26: Осталось собрать на 23.02 | C26: Факт с 23.02 по 01.03 | D26: План на 02.03
A27: Счета на юр услуги. | B27: 11 | C27: 20 | D27: 6
A28: Счета на вступления | B28: 4 | C28: 3 | D28: 3
A29: Сбор юр услуги | B29: 280000 | C29: 500000 | D29: 280000
A30: Вступления | B30: 5 | C30: 7 | D30: 3

Sheet 10 неделя
A2: 10 неделя с 02.03 по 08.03.2026
A3: Ростов | I3: Факт
A4: Наименование | B4: Осталось собрать на 02.03 | C4: Факт с 02.03 по 08.03 | D4: План на 09.03 | E4: План | H4: Счета Юр.услуги | I4: Счета Вступления | J4: Сбор Юр.услуги | K4: Кол-во вступлений
A5: Членские взносы | B5: =Таблица81419242934[[#This Row],[План на 02.03]] -> 9944710 | C5: 613505.38 | D5: =Таблица8141924293439[[#This Row],[Осталось собрать на 02.03]]-Таблица8141924293439[[#This Row],[Факт с 02.03 по 08.03]] -> 9331204.6 | G5: Наташа | H5: 7 | I5: 2 | J5: 90000 | K5: 0
A6: Долг действующие | B6: =Таблица81419242934[[#This Row],[План на 02.03]] -> 13586324 | C6: 332000 | D6: =Таблица8141924293439[[#This Row],[Осталось собрать на 02.03]]-Таблица8141924293439[[#This Row],[Факт с 02.03 по 08.03]] -> 13254324 | G6: Ира | H6: 3 | I6: 5 | J6: 110000 | K6: 5
A7: Долг исключенные | B7: =Таблица81419242934[[#This Row],[План на 02.03]] -> 9284746 | C7: 82298 | D7: =Таблица8141924293439[[#This Row],[Осталось собрать на 02.03]]-Таблица8141924293439[[#This Row],[Факт с 02.03 по 08.03]] -> 9202448 | G7: Таня | H7: 3 | I7: 2 | J7: 90000 | K7: 2
A8: переплата | B8: =Таблица81419242934[[#This Row],[План на 02.03]] -> 0 | C8: 332000 | G8: Роман | H8: 1 | I8: 0 | J8: 70000 | K8: 0
A9: Итого: | B9: =Таблица81419242934[[#This Row],[План на 02.03]] -> 32815780 | C9: =SUM(C5:C8) -> 1359803.4 | D9: =SUM(D5:D7) -> 31787977 | G9: Давид | H9: 3 | I9: 0 | J9: 85000 | K9: 0
G10: Итого: | H10: =SUM(H5:H9) -> 17 | I10: =SUM(I5:I9) -> 9 | J10: =SUM(J5:J9) -> 445000 | K10: =SUM(K5:K9) -> 7
A11: БГ
A12: Наименование | B12: Осталось собрать на 02.03 | C12: Факт с 02.03 по 08.03 | D12: План на 09.03 | I12: План
A13: Счета на чв | B13: 0 | C13: 0 | D13: 0 | H13: Счета Юр.услуги | I13: Счета Вступления | J13: Сбор Юр.услуги | K13: Кол-во вступлений
A14: Счета на юридические услуги. | B14: 4 | C14: 6 | D14: 4 | G14: Наташа | H14: 7 | I14: 1 | J14: 100000 | K14: 1
A15: Поступления по юр. Услугам. | B15: 200000 | C15: 315000 | D15: 200000 | G15: Ира | H15: 1 | I15: 1 | J15: 50000 | K15: 1
A16: Счета на прохождение экзамена | B16: 4 | C16: 3 | D16: 4 | G16: Таня | H16: 4 | I16: 1 | J16: 60000 | K16: 1
A17: Счета на вступления. | B17: 6 | C17: 9 | D17: 5 | G17: Роман | H17: 2 | I17: 0 | J17: 70000 | K17: 0
A18: Вступления. | B18: 6 | C18: 9 | D18: 5 | G18: Давид | H18: 2 | I18: 0 | J18: 100000 | K18: 0
A19: Получение исп. Листов | B19: 1 | C19: 1 | D19: 5 | G19: Итого: | H19: =SUM(H14:H18) -> 16 | I19: =SUM(I14:I18) -> 3 | J19: =SUM(J14:J18) -> 380000 | K19: =SUM(K14:K18) -> 3
A20: Подача в суд по ч\в. | B20: 0 | C20: 0 | D20: 0
A21: Сбор по исполнительным листам | B21: 6250000 | C21: 232500 | D21: 6020000
A22: Сбор за экзамен | B22: 0 | C22: 0 | D22: 0
A23: Итого: | C23: =C15+C21+C22 -> 547500
A25: Юрлидер
A26: Наименование | B26: Осталось собрать на 02.03 | C26: Факт с 02.03 по 08.03 | D26: План на 09.03
A27: Счета на юр услуги. | B27: 6 | C27: 17 | D27: 16
A28: Счета на вступления | B28: 3 | C28: 9 | D28: 3
A29: Сбор юр услуги | B29: 280000 | C29: 445000 | D29: 380000
A30: Вступления | B30: 3 | C30: 7 | D30: 3

Sheet 11 неделя
A2: 11 неделя с 09.03 по 15.03.2026
A3: Ростов | I3: Факт
A4: Наименование | B4: Осталось собрать на 09.03 | C4: Факт с 09.03 по 15.03 | D4: План на 16.03 | E4: План | H4: Счета Юр.услуги | I4: Счета Вступления | J4: Сбор Юр.услуги | K4: Кол-во вступлений
A5: Членские взносы | B5: =Таблица8141924293439[[#This Row],[План на 09.03]] -> 9331204.6 | C5: 982500 | D5: =Таблица814192429343944[[#This Row],[Осталось собрать на 09.03]]-Таблица814192429343944[[#This Row],[Факт с 09.03 по 15.03]] -> 8348704.6 | G5: Наташа | H5: 0 | I5: 0 | J5: 175000 | K5: 0
A6: Долг действующие | B6: =Таблица8141924293439[[#This Row],[План на 09.03]] -> 13254324 | C6: 346162.32 | D6: =Таблица814192429343944[[#This Row],[Осталось собрать на 09.03]]-Таблица814192429343944[[#This Row],[Факт с 09.03 по 15.03]] -> 12908162 | G6: Ира | H6: 1 | I6: 1 | J6: 80000 | K6: 0
A7: Долг исключенные | B7: =Таблица8141924293439[[#This Row],[План на 09.03]] -> 9202448 | C7: 129700 | D7: =Таблица814192429343944[[#This Row],[Осталось собрать на 09.03]]-Таблица814192429343944[[#This Row],[Факт с 09.03 по 15.03]] -> 9072748 | G7: Таня | H7: 1 | I7: 2 | J7: 5000 | K7: 1
A8: переплата | B8: =Таблица8141924293439[[#This Row],[План на 09.03]] -> 0 | C8: 40000 | G8: Роман | H8: 2 | I8: 0 | J8: 55000 | K8: 0
A9: Итого: | B9: =Таблица8141924293439[[#This Row],[План на 09.03]] -> 31787977 | C9: =SUM(C5:C8) -> 1498362.3 | D9: =SUM(D5:D7) -> 30329614 | G9: Давид | H9: 1 | I9: 2 | J9: 40000 | K9: 0
G10: Итого: | H10: =SUM(H5:H9) -> 5 | I10: =SUM(I5:I9) -> 5 | J10: =SUM(J5:J9) -> 355000 | K10: =SUM(K5:K9) -> 1
A11: БГ
A12: Наименование | B12: Осталось собрать на 09.03 | C12: Факт с 09.03 по 15.03 | D12: План на 16.03 | I12: План
A13: Счета на чв | B13: 0 | C13: 0 | D13: 0 | H13: Счета Юр.услуги | I13: Счета Вступления | J13: Сбор Юр.услуги | K13: Кол-во вступлений
A14: Счета на юридические услуги. | B14: 4 | C14: 5 | D14: 10 | G14: Наташа | H14: 10 | I14: 0 | J14: 100000 | K14: 0
A15: Поступления по юр. Услугам. | B15: 200000 | C15: 290000 | D15: 500000 | G15: Ира | H15: 10 | I15: 1 | J15: 50000 | K15: 1
A16: Счета на прохождение экзамена | B16: 4 | C16: 1 | D16: 3 | G16: Таня | H16: 6 | I16: 1 | J16: 70000 | K16: 1
A17: Счета на вступления. | B17: 5 | C17: 2 | D17: 5 | G17: Роман | H17: 2 | I17: 0 | J17: 80000 | K17: 0
A18: Вступления. | B18: 5 | C18: 2 | D18: 5 | G18: Давид | H18: 13 | I18: 0 | J18: 100000 | K18: 1
A19: Получение исп. Листов | B19: 5 | C19: 5 | D19: 0 | G19: Итого: | H19: =SUM(H14:H18) -> 41 | I19: =SUM(I14:I18) -> 2 | J19: =SUM(J14:J18) -> 400000 | K19: =SUM(K14:K18) -> 3
A20: Подача в суд по ч\в. | B20: 0 | C20: 0 | D20: 0
A21: Сбор по исполнительным листам | B21: 6020000 | C21: 471900 | D21: 6120000
A22: Сбор за экзамен | B22: 0 | C22: 0 | D22: 0
A23: Итого: | C23: =C15+C21+C22 -> 761900
A25: Юрлидер
A26: Наименование | B26: Осталось собрать на 09.03 | C26: Факт с 09.03 по 15.03 | D26: План на 16.03
A27: Счета на юр услуги. | B27: 16 | C27: 5 | D27: 41
A28: Счета на вступления | B28: 3 | C28: 5 | D28: 2
A29: Сбор юр услуги | B29: 380000 | C29: 355000 | D29: 400000
A30: Вступления | B30: 3 | C30: 1 | D30: 3

Sheet 12 неделя
A2: 12 неделя с 16.03 по 22.03.2026
A3: Ростов | I3: Факт
A4: Наименование | B4: Осталось собрать на 16.03 | C4: Факт с 16.03 по 22.03 | D4: План на 23.03 | E4: План | H4: Счета Юр.услуги | I4: Счета Вступления | J4: Сбор Юр.услуги | K4: Кол-во вступлений
A5: Членские взносы | B5: =Таблица814192429343944[[#This Row],[План на 16.03]] -> 8348704.6 | C5: 677000 | D5: =Таблица81419242934394456[[#This Row],[Осталось собрать на 16.03]]-Таблица81419242934394456[[#This Row],[Факт с 16.03 по 22.03]] -> 7671704.6 | G5: Наташа | H5: 13 | I5: 1 | J5: 340000 | K5: 0
A6: Долг действующие | B6: =Таблица814192429343944[[#This Row],[План на 16.03]] -> 12908162 | C6: 38000 | D6: =Таблица81419242934394456[[#This Row],[Осталось собрать на 16.03]]-Таблица81419242934394456[[#This Row],[Факт с 16.03 по 22.03]] -> 12870162 | G6: Ира | H6: 1 | I6: 1 | J6: 150000 | K6: 1
A7: Долг исключенные | B7: =Таблица814192429343944[[#This Row],[План на 16.03]] -> 9072748 | C7: 50000 | D7: =Таблица81419242934394456[[#This Row],[Осталось собрать на 16.03]]-Таблица81419242934394456[[#This Row],[Факт с 16.03 по 22.03]] -> 9022748 | G7: Таня | H7: 1 | I7: 2 | J7: 5000 | K7: 1
A8: переплата | B8: =Таблица814192429343944[[#This Row],[План на 16.03]] -> 0 | C8: 30000 | G8: Роман | H8: 3 | I8: 0 | J8: 80000 | K8: 0
A9: Итого: | B9: =Таблица814192429343944[[#This Row],[План на 16.03]] -> 30329614 | C9: =SUM(C5:C8) -> 795000 | D9: =SUM(D5:D7) -> 29564614 | G9: Давид | H9: 13 | I9: 1 | J9: 90000 | K9: 0
G10: Итого: | H10: =SUM(H5:H9) -> 31 | I10: =SUM(I5:I9) -> 5 | J10: =SUM(J5:J9) -> 665000 | K10: =SUM(K5:K9) -> 2
A11: БГ
A12: Наименование | B12: Осталось собрать на 16.03 | C12: Факт с 16.03 по 22.03 | D12: План на 23.03 | I12: План
A13: Счета на чв | B13: 0 | C13: 0 | D13: 0 | H13: Счета Юр.услуги | I13: Счета Вступления | J13: Сбор Юр.услуги | K13: Кол-во вступлений
A14: Счета на юридические услуги. | B14: 10 | C14: 4 | D14: 10 | G14: Наташа | H14: 5 | I14: 1 | J14: 150000 | K14: 1
A15: Поступления по юр. Услугам. | B15: 500000 | C15: 210000 | D15: 500000 | G15: Ира | H15: 2 | I15: 1 | J15: 50000 | K15: 1
A16: Счета на прохождение экзамена | B16: 3 | C16: 7 | D16: 3 | G16: Таня | H16: 6 | I16: 1 | J16: 70000 | K16: 1
A17: Счета на вступления. | B17: 5 | C17: 4 | D17: 5 | G17: Роман | H17: 2 | I17: 0 | J17: 100000 | K17: 0
A18: Вступления. | B18: 5 | C18: 4 | D18: 5 | G18: Давид | H18: 1 | I18: 1 | J18: 60000 | K18: 1
A19: Получение исп. Листов | B19: 0 | C19: 0 | D19: 5 | G19: Итого: | H19: =SUM(H14:H18) -> 16 | I19: =SUM(I14:I18) -> 4 | J19: =SUM(J14:J18) -> 430000 | K19: =SUM(K14:K18) -> 4
A20: Подача в суд по ч\в. | B20: 0 | C20: 0 | D20: 0
A21: Сбор по исполнительным листам | B21: 6120000 | C21: 42000 | D21: 6220000
A22: Сбор за экзамен | B22: 0 | C22: 0 | D22: 0
A23: Итого: | C23: =C15+C21+C22 -> 252000
A25: Юрлидер
A26: Наименование | B26: Осталось собрать на 16.03 | C26: Факт с 16.03 по 22.03 | D26: План на 23.03
A27: Счета на юр услуги. | B27: 41 | C27: 31 | D27: 16
A28: Счета на вступления | B28: 2 | C28: 5 | D28: 4
A29: Сбор юр услуги | B29: 400000 | C29: 665000 | D29: 430000
A30: Вступления | B30: 3 | C30: 2 | D30: 4

Sheet 13 неделя
A2: 13 неделя с 23.03 по 29.03.2026
A3: Ростов | I3: Факт
A4: Наименование | B4: Осталось собрать на 23.03 | C4: Факт с 23.01-30.03 | D4: осталось собрать на 30.03 | E4: План | H4: Счета Юр.услуги | I4: Счета Вступления | J4: Сбор Юр.услуги | K4: Кол-во вступлений
A5: Членские взносы | B5: =Таблица81419242934394456[[#This Row],[План на 23.03]] -> 7671704.6 | C5: 330500 | D5: =Таблица81465[[#This Row],[Осталось собрать на 23.03]]-Таблица81465[[#This Row],[Факт с 23.01-30.03]] -> 7341204.6 | G5: Наташа | H5: 1 | I5: 2 | J5: 170000 | K5: 1
A6: Долг действующие | B6: =Таблица81419242934394456[[#This Row],[План на 23.03]] -> 12870162 | C6: 83416 | D6: =Таблица81465[[#This Row],[Осталось собрать на 23.03]]-Таблица81465[[#This Row],[Факт с 23.01-30.03]] -> 12786746 | G6: Ира | H6: 1 | I6: 1 | J6: 140000 | K6: 2
A7: Долг исключенные | B7: =Таблица81419242934394456[[#This Row],[План на 23.03]] -> 9022748 | C7: 10000 | D7: =Таблица81465[[#This Row],[Осталось собрать на 23.03]]-Таблица81465[[#This Row],[Факт с 23.01-30.03]] -> 9012748 | G7: Таня | H7: 2 | I7: 1 | J7: 280000 | K7: 0
A8: переплата | B8: =Таблица81419242934394456[[#This Row],[План на 23.03]] -> 0 | C8: 90000 | G8: Роман | H8: 0 | I8: 0 | J8: 0 | K8: 0
A9: Итого: | B9: =Таблица81419242934394456[[#This Row],[План на 23.03]] -> 29564614 | C9: =SUM(C5:C8) -> 513916 | D9: =SUM(D5:D7) -> 29140698 | G9: Давид | H9: 1 | I9: 1 | J9: 110000 | K9: 0
G10: Итого: | H10: =SUM(H5:H9) -> 5 | I10: =SUBTOTAL(109,I5:I9) -> 5 | J10: =SUM(J5:J9) -> 700000 | K10: =SUM(K5:K9) -> 3
A11: БГ
A12: Наименование | B12: Осталось собрать на 23.03 | C12: Факт с 23.01-30.03 | D12: осталось собрать на 30.03 | I12: План
A13: Счета на чв | B13: 0 | C13: 0 | D13: 0 | H13: Счета Юр.услуги | I13: Счета Вступления | J13: Сбор Юр.услуги | K13: Кол-во вступлений
A14: Счета на юридические услуги. | B14: 10 | C14: 6 | D14: 5 | G14: Наташа | H14: 5 | I14: 1 | J14: 150000 | K14: 2
A15: Поступления по юр. Услугам. | B15: 500000 | C15: 295000 | D15: 250000 | G15: Ира | H15: 2 | I15: 1 | J15: 50000 | K15: 1
A16: Счета на прохождение экзамена | B16: 3 | C16: 1 | D16: 3 | G16: Таня | H16: 5 | I16: 1 | J16: 50000 | K16: 1
A17: Счета на вступления. | B17: 5 | C17: 5 | D17: 4 | G17: Роман | H17: 3 | I17: 0 | J17: 100000 | K17: 0
A18: Вступления. | B18: 5 | C18: 5 | D18: 4 | G18: Давид | H18: 1 | I18: 0 | J18: 90000 | K18: 0
A19: Получение исп. Листов | B19: 5 | C19: 0 | D19: 0 | G19: Итого: | H19: =SUM(H14:H18) -> 16 | I19: =SUM(I14:I18) -> 3 | J19: =SUM(J14:J18) -> 440000 | K19: =SUM(K14:K18) -> 4
A20: Подача в суд по ч\в. | B20: 0 | C20: 0 | D20: 0
A21: Сбор по исполнительным листам | B21: 6220000 | C21: 42000 | D21: 6120000
A22: Сбор за экзамен | B22: 0 | C22: 0 | D22: 0
A23: Итого: | C23: =SUM(C15,C21+C22) -> 337000
A25: Юрлидер
A26: Наименование | B26: Осталось собрать на 23.03 | C26: Факт с 23.01-30.03 | D26: осталось собрать на 30.03
A27: Счета на юр услуги. | B27: 16 | C27: 5 | D27: 16
A28: Счета на вступления | B28: 4 | C28: 5 | D28: 3
A29: Сбор юр услуги | B29: 43000 | C29: 700000 | D29: 440000
A30: Вступления | B30: 4 | C30: 3 | D30: 4

Sheet 14 неделя
A1: 14 неделя с 30.03 по 05.04.2026
A2: Ростов | H2: Факт
A3: Наименование | B3: Осталось собрать на 30.03 | C3: Факт с 30.03-05.04 | D3: осталось собрать на 06.04 | G3: Счета Юр.услуги | H3: Счета Вступления | I3: Сбор Юр.услуги | J3: Кол-во вступлений
A4: Членские взносы | B4: 21907700 | C4: 4727500 | D4: =Таблица8146571[[#This Row],[Осталось собрать на 30.03]]-Таблица8146571[[#This Row],[Факт с 30.03-05.04]] -> 17180200 | F4: Наташа | G4: 6 | H4: 2 | I4: 195000 | J4: 2
A5: Долг действующие | B5: 16361921 | C5: 53448.09 | D5: =Таблица8146571[[#This Row],[Осталось собрать на 30.03]]-Таблица8146571[[#This Row],[Факт с 30.03-05.04]] -> 16308473 | F5: Ира | G5: 1 | H5: 1 | I5: 50000 | J5: 2
A6: Долг исключенные | B6: 14307186 | C6: 33600 | D6: =Таблица8146571[[#This Row],[Осталось собрать на 30.03]]-Таблица8146571[[#This Row],[Факт с 30.03-05.04]] -> 14273586 | F6: Таня | G6: 1 | H6: 2 | I6: 134000 | J6: 0
A7: переплата | C7: 568000 | F7: Роман | G7: 2 | H7: 0 | I7: 0 | J7: 0
A8: Переплаты исключеных | B8: 1573000.2 | F8: Давид | G8: 1 | H8: 1 | I8: 175000 | J8: 1
A9: Итого: | B9: =SUM(B4:B6) -> 52576807 | C9: =SUM(C4:C7) -> 5382548.1 | D9: =SUM(D4:D6) -> 47762259 | F9: Итого: | G9: =SUM(G4:G8) -> 11 | H9: =SUM(H4:H8) -> 6 | I9: =SUM(I4:I8) -> 554000 | J9: =SUM(J4:J8) -> 5
A11: БГ | H11: План
A12: Наименование | B12: Осталось собрать на 30.03 | C12: Факт с 30.03-05.04 | D12: План на 06.04 | G12: Счета Юр.услуги | H12: Счета Вступления | I12: Сбор Юр.услуги | J12: Кол-во вступлений
A13: Счета на чв | B13: ='13 неделя'!D13 -> 0 | C13: 0 | D13: 0 | F13: Наташа | G13: 8 | H13: 1 | I13: 100000 | J13: 1
A14: Счета на юридические услуги. | B14: ='13 неделя'!D14 -> 5 | C14: 5 | D14: 4 | F14: Ира | G14: 2 | H14: 1 | I14: 50000 | J14: 1
A15: Поступления по юр. Услугам. | B15: ='13 неделя'!D15 -> 250000 | C15: 235000 | D15: 200000 | F15: Таня | G15: 5 | H15: 1 | I15: 50000 | J15: 1
A16: Счета на прохождение экзамена | B16: ='13 неделя'!D16 -> 3 | C16: 3 | D16: 3 | F16: Роман | G16: 3 | H16: 0 | I16: 100000 | J16: 0
A17: Счета на вступления. | B17: ='13 неделя'!D17 -> 4 | C17: 3 | D17: 3 | F17: Давид | G17: 3 | H17: 0 | I17: 70000 | J17: 0
A18: Вступления. | B18: ='13 неделя'!D18 -> 4 | C18: 5 | D18: 4 | F18: Итого: | G18: =SUM(G13:G17) -> 21 | H18: =SUM(H13:H17) -> 3 | I18: =SUM(I13:I17) -> 370000 | J18: =SUM(J13:J17) -> 3
A19: Получение исп. Листов | B19: ='13 неделя'!D19 -> 0 | C19: 5 | D19: 12
A20: Подача в суд по ч\в. | B20: ='13 неделя'!D20 -> 0 | C20: 0 | D20: 0
A21: Сбор по исполнительным листам | B21: ='13 неделя'!D21 -> 6120000 | C21: 24500 | D21: 6320000
A22: Сбор за экзамен | B22: ='13 неделя'!D22 -> 0
A23: Итого: | B23: ='13 неделя'!D23 -> 0 | C23: =SUM(C15,C21+C22) -> 259500
A25: Юрлидер
A26: Наименование | B26: Осталось собрать на 30.03 | C26: Факт с 30.03-05.04 | D26: План на 06.04
A27: Счета на юр услуги. | B27: ='13 неделя'!D27 -> 16 | C27: 11 | D27: 21
A28: Счета на вступления | B28: ='13 неделя'!D28 -> 3 | C28: 6 | D28: 3
A29: Сбор юр услуги | B29: ='13 неделя'!D29 -> 440000 | C29: 554000 | D29: 370000
A30: Вступления | B30: ='13 неделя'!D30 -> 4 | C30: 5 | D30: 3

Sheet 15 неделя
A1: 15 неделя с 06.04 по 12.04.2026
A2: Ростов | I2: Факт
A3: Ростов | B3: Осталось собрать на 06.04 | C3: Факт с 06.04-12.04 | D3: осталось собрать на 13.04 | E3: План | H3: Счета Юр.услуги | I3: Счета Вступления | J3: Сбор Юр.услуги | K3: Кол-во вступлений
A4: Членские взносы | B4: =Таблица8146571[[#This Row],[осталось собрать на 06.04]] -> 17180200 | C4: 2388100 | D4: =Таблица814657149[[#This Row],[Осталось собрать на 06.04]]-Таблица814657149[[#This Row],[Факт с 06.04-12.04]] -> 14792100 | G4: Наташа | H4: 2 | I4: 6 | J4: 280000 | K4: 3
A5: Долг действующие | B5: =Таблица8146571[[#This Row],[осталось собрать на 06.04]] -> 16308473 | C5: 99200 | D5: =Таблица814657149[[#This Row],[Осталось собрать на 06.04]]-Таблица814657149[[#This Row],[Факт с 06.04-12.04]] -> 16209273 | G5: Ира | H5: 1 | I5: 1 | J5: 0 | K5: 0
A6: Долг исключенные | B6: =Таблица8146571[[#This Row],[осталось собрать на 06.04]] -> 14273586 | C6: 52237.03 | D6: =Таблица814657149[[#This Row],[Осталось собрать на 06.04]]-Таблица814657149[[#This Row],[Факт с 06.04-12.04]] -> 14221349 | G6: Таня | H6: 1 | I6: 1 | J6: 60000 | K6: 0
A7: переплата | C7: 312250 | G7: Роман | H7: 0 | I7: 0 | J7: 0 | K7: 0
A8: Переплаты исключеных | B8: 1573000.2 | G8: Давид | H8: 1 | I8: 2 | J8: 0 | K8: 0
A9: Итого: | B9: =Таблица8146571[[#This Row],[осталось собрать на 06.04]] -> 47762259 | C9: =SUM(C4:C7) -> 2851787 | D9: =Таблица814657149[[#This Row],[Осталось собрать на 06.04]]-Таблица814657149[[#This Row],[Факт с 06.04-12.04]] -> 44910472 | G9: Итого: | H9: =SUM(H4:H8) -> 5 | I9: =SUM(I4:I8) -> 10 | J9: =SUM(J4:J8) -> 340000 | K9: =SUM(K4:K8) -> 3
A10: БГ
A11: Наименование | B11: План на 06.04 | C11: Факт с 06.04-12.04 | D11: План на 13.04 | I11: План
A12: Счета на чв | B12: ='14 неделя'!D13 -> 0 | C12: 0 | D12: 0 | H12: Счета Юр.услуги | I12: Счета Вступления | J12: Сбор Юр.услуги | K12: Кол-во вступлений
A13: Счета на юридические услуги. | B13: ='14 неделя'!D14 -> 4 | C13: 0 | D13: 3 | G13: Наташа | H13: 10 | I13: 2 | J13: 150000 | K13: 1
A14: Поступления по юр. Услугам. | B14: ='14 неделя'!D15 -> 200000 | C14: 0 | D14: 150000 | G14: Ира | H14: 11 | I14: 1 | J14: 50000 | K14: 1
A15: Счета на прохождение экзамена | B15: ='14 неделя'!D16 -> 3 | C15: 3 | D15: 3 | G15: Таня | H15: 5 | I15: 1 | J15: 150000 | K15: 1
A16: Счета на вступления. | B16: ='14 неделя'!D17 -> 3 | C16: 2 | D16: 3 | G16: Роман | H16: 3 | I16: 0 | J16: 100000 | K16: 0
A17: Вступления. | B17: ='14 неделя'!D18 -> 4 | C17: 2 | D17: 3 | G17: Давид | H17: 7 | I17: 0 | J17: 80000 | K17: 2
A18: Получение исп. Листов | B18: ='14 неделя'!D19 -> 12 | C18: 12 | D18: 4 | G18: Итого: | H18: =SUM(H13:H17) -> 36 | I18: =SUM(I13:I17) -> 4 | J18: =SUM(J13:J17) -> 530000 | K18: =SUM(K13:K17) -> 5
A19: Подача в суд по ч\в. | B19: ='14 неделя'!D20 -> 0 | C19: 0 | D19: 0
A20: Сбор по исполнительным листам | B20: ='14 неделя'!D21 -> 6320000 | C20: 60000 | D20: 6260000
A21: Сбор за экзамен
A22: Итого: | C22: =C14+C20+C21 -> 60000
A24: Юрлидер
A25: Наименование | B25: План на 06.04 | C25: Факт с 06.04-12.04 | D25: План на 13.04
A26: Счета на юр услуги. | B26: ='14 неделя'!D27 -> 21 | C26: 5 | D26: 36
A27: Счета на вступления | B27: ='14 неделя'!D28 -> 3 | C27: 10 | D27: 4
A28: Сбор юр услуги | B28: ='14 неделя'!D29 -> 370000 | C28: 340000 | D28: 530000
A29: Вступления | B29: ='14 неделя'!D30 -> 3 | C29: 3 | D29: 5

Sheet 16 неделя
A1: 16 неделя с 13.04 по 19.04.2026
A2: Ростов | I2: Факт
A3: Ростов | B3: Осталось собрать на 13.04 | C3: Факт с 13.04-19.04 | D3: осталось собрать на 20.04 | E3: План | H3: Счета Юр.услуги | I3: Счета Вступления | J3: Сбор Юр.услуги | K3: Кол-во вступлений
A4: Членские взносы | B4: =Таблица814657149[[#This Row],[осталось собрать на 13.04]] -> 14792100 | C4: 1818000 | D4: =Таблица81465714917[[#This Row],[Осталось собрать на 13.04]]-Таблица81465714917[[#This Row],[Факт с 13.04-19.04]] -> 12974100 | G4: Наташа | H4: 3 | I4: 0 | J4: 105000 | K4: 0
A5: Долг действующие | B5: =Таблица814657149[[#This Row],[осталось собрать на 13.04]] -> 16209273 | C5: 120000 | D5: =Таблица81465714917[[#This Row],[Осталось собрать на 13.04]]-Таблица81465714917[[#This Row],[Факт с 13.04-19.04]] -> 16089273 | G5: Ира | H5: 1 | I5: 2 | J5: 355000 | K5: 1
A6: Долг исключенные | B6: =Таблица814657149[[#This Row],[осталось собрать на 13.04]] -> 14221349 | C6: 6152.31 | D6: =Таблица81465714917[[#This Row],[Осталось собрать на 13.04]]-Таблица81465714917[[#This Row],[Факт с 13.04-19.04]] -> 14215196 | G6: Таня | H6: 3 | I6: 0 | J6: 155000 | K6: 0
A7: переплата | C7: 2493500 | G7: Роман | H7: 3 | I7: 0 | J7: 110000 | K7: 0
A8: Переплаты исключеных | B8: 1573000.2 | G8: Давид | H8: 1 | I8: 0 | J8: 0 | K8: 0
A9: Итого: | B9: =Таблица814657149[[#This Row],[осталось собрать на 13.04]] -> 44910472 | C9: =SUM(C4:C7) -> 4437652.3 | D9: =Таблица81465714917[[#This Row],[Осталось собрать на 13.04]]-Таблица81465714917[[#This Row],[Факт с 13.04-19.04]] -> 40472819 | G9: Итого: | H9: =SUM(H4:H8) -> 11 | I9: =SUM(I4:I8) -> 2 | J9: =SUM(J4:J8) -> 725000 | K9: =SUM(K4:K8) -> 1
A10: БГ
A11: Наименование | B11: План на 13.04 | C11: Факт с 13.04-19.04 | D11: План на 20.04 | I11: План
A12: Счета на чв | B12: =Таблица915667250[[#This Row],[План на 13.04]] -> 0 | C12: 0 | D12: 0 | H12: Счета Юр.услуги | I12: Счета Вступления | J12: Сбор Юр.услуги | K12: Кол-во вступлений
A13: Счета на юридические услуги. | B13: =Таблица915667250[[#This Row],[План на 13.04]] -> 3 | C13: 4 | D13: 7 | G13: Наташа | H13: 5 | I13: 0 | J13: 100000 | K13: 0
A14: Поступления по юр. Услугам. | B14: =Таблица915667250[[#This Row],[План на 13.04]] -> 150000 | C14: 220000 | D14: 350000 | G14: Ира | H14: 1 | I14: 1 | J14: 50000 | K14: 1
A15: Счета на прохождение экзамена | B15: =Таблица915667250[[#This Row],[План на 13.04]] -> 3 | C15: 2 | D15: 4 | G15: Таня | H15: 5 | I15: 0 | J15: 100000 | K15: 0
A16: Счета на вступления. | B16: =Таблица915667250[[#This Row],[План на 13.04]] -> 3 | C16: 8 | D16: 4 | G16: Роман | H16: 3 | I16: 0 | J16: 100000 | K16: 0
A17: Вступления. | B17: =Таблица915667250[[#This Row],[План на 13.04]] -> 3 | C17: 8 | D17: 4 | G17: Давид | H17: 13 | I17: 1 | J17: 120000 | K17: 1
A18: Получение исп. Листов | B18: =Таблица915667250[[#This Row],[План на 13.04]] -> 4 | C18: 4 | D18: 1 | G18: Итого: | H18: =SUM(H13:H17) -> 27 | I18: =SUM(I13:I17) -> 2 | J18: =SUM(J13:J17) -> 470000 | K18: =SUM(K13:K17) -> 2
A19: Подача в суд по ч\в. | B19: =Таблица915667250[[#This Row],[План на 13.04]] -> 0 | C19: 0 | D19: 30
A20: Сбор по исполнительным листам | B20: =Таблица915667250[[#This Row],[План на 13.04]] -> 6260000 | C20: 13370 | D20: 6380000
A21: Сбор за экзамен
A22: Итого: | C22: =C14+C20+C21 -> 233370
A24: Юрлидер
A25: Наименование | B25: План на 13.04 | C25: Факт с 13.04-19.04 | D25: План на 20.01
A26: Счета на юр услуги. | B26: =Таблица50[[#This Row],[План на 13.04]] -> 36 | C26: 11 | D26: 27
A27: Счета на вступления | B27: =Таблица50[[#This Row],[План на 13.04]] -> 4 | C27: 2 | D27: 2
A28: Сбор юр услуги | B28: =Таблица50[[#This Row],[План на 13.04]] -> 530000 | C28: 725000 | D28: 470000
A29: Вступления | B29: =Таблица50[[#This Row],[План на 13.04]] -> 5 | C29: 1 | D29: 2

Sheet 17 неделя
A1: 17 неделя с 20.04 по 26.04.2026
A2: Ростов
A3: Ростов | B3: Осталось собрать на 20.04 | C3: Факт с 20.04-26.04 | D3: осталось собрать на 27.04 | E3: План | J3: Факт
A4: Начислено за квартал | B4: 24924000 | I4: Счета Юр.услуги | J4: Счета Вступления | K4: Сбор Юр.услуги | L4: Кол-во вступлений
A5: Переплата за квартал | B5: 3016300 | H5: Наташа | I5: 2 | J5: 0 | K5: 190000 | L5: 0
A6: План сбора за квартал | B6: 12974100 | C6: 625000 | D6: 12604100 | H6: Ира | I6: 1 | J6: 1 | K6: 215000 | L6: 1
A7: Долг действующие | B7: 16089273 | C7: 110000 | D7: 15979273 | H7: Таня | I7: 5 | J7: 1 | K7: 60000 | L7: 0
A8: Долг исключенные | B8: 14215196 | C8: 40000 | D8: 14175196 | H8: Роман | I8: 7 | J8: 0 | K8: 150000 | L8: 0
A9: Сбор ЧВ по вступившим в этом квартале | B9: 730000 | C9: 190000 | D9: =Таблица8146571491760[[#This Row],[Осталось собрать на 20.04]]+Таблица8146571491760[[#This Row],[Факт с 20.04-26.04]] -> 920000 | H9: Давид | I9: 13 | J9: 1 | K9: 370000 | L9: 0
A10: Переплата | C10: 100000 | H10: Итого: | I10: =SUM(I5:I9) -> 28 | J10: =SUM(J5:J9) -> 3 | K10: =SUM(K5:K9) -> 985000 | L10: =SUM(L5:L9) -> 1
A11: Сумма ЧВ у пристовов
A12: Сумма ЧВ в суде
A13: Поступление от судебной деятельности | J13: План
A14: Итого: | B14: =B6+B7+B8 -> 43278569 | C14: =SUM(C6:C10) -> 1065000 | D14: =SUM(D6:D8) -> 42758569 | I14: Счета Юр.услуги | J14: Счета Вступления | K14: Сбор Юр.услуги | L14: Кол-во вступлений
H15: Наташа | I15: 3 | J15: 0 | K15: 150000 | L15: 0
H16: Ира | I16: 1 | J16: 1 | K16: 50000 | L16: 1
A17: БГ | H17: Таня | I17: 4 | J17: 0 | K17: 100000 | L17: 1
A18: Наименование | B18: План на 20.04 | C18: Факт с 20.04-26.04 | D18: План на 27.04 | H18: Роман | I18: 2 | J18: 0 | K18: 100000 | L18: 0
A19: Счета на чв | B19: 0 | C19: 0 | D19: 0 | H19: Давид | I19: 1 | J19: 0 | K19: 100000 | L19: 1
A20: Счета на юридические услуги. | B20: 7 | C20: 14 | D20: 5 | H20: Итого: | I20: =SUM(I15:I19) -> 11 | J20: =SUM(J15:J19) -> 1 | K20: =SUM(K15:K19) -> 500000 | L20: =SUM(L15:L19) -> 3
A21: Поступления по юр. Услугам. | B21: 350000 | C21: 760000 | D21: 250000
A22: Счета на прохождение экзамена | B22: 4 | C22: 1 | D22: 2
A23: Счета на вступления. | B23: 4 | C23: 6 | D23: 3
A24: Вступления. | B24: 4 | C24: 6 | D24: 3
A25: Получение исп. Листов | B25: 1 | C25: 1 | D25: 0
A26: Подача в суд по ч\в. | B26: 30 | C26: 30 | D26: 46
A27: Сбор по исполнительным листам | B27: 6380000 | C27: 0 | D27: 6680000
A28: Сбор за экзамен | B28: 0 | C28: 0
A29: Итого: | C29: =C213 -> 0
A31: Юрлидер
A32: Наименование | B32: План на 20.04 | C32: Факт с 20.04-26.04 | D32: План на 27.01
A33: Счета на юр услуги. | B33: 27 | C33: 28 | D33: 11
A34: Счета на вступления | B34: 2 | C34: 3 | D34: 1
A35: Сбор юр услуги | B35: 470000 | C35: 985000 | D35: 500000
A36: Вступления | B36: 2 | C36: 1 | D36: 3

Sheet 18 неделя
A1: 18 неделя с 27.04 по 03.05.2026
A2: Ростов | I2: Факт
A3: Ростов | B3: Осталось собрать на 27.04 | C3: Факт с 27.04-03.05 | D3: осталось собрать на 04.05 | E3: План | H3: Счета Юр.услуги | I3: Счета Вступления | J3: Сбор Юр.услуги | K3: Кол-во вступлений
A4: Начислено за квартал | B4: 24924000 | G4: Наташа | H4: 2 | I4: 0 | J4: 110000 | K4: 0
A5: Переплата за квартал | B5: 3016300 | G5: Ира | H5: 1 | I5: 1 | J5: 30000 | K5: 1
A6: План сбора за квартал | B6: 12604100 | C6: 417000 | D6: =Таблица814657149176070[[#This Row],[Осталось собрать на 27.04]]-Таблица814657149176070[[#This Row],[Факт с 27.04-03.05]] -> 12187100 | G6: Таня | H6: 2 | I6: 1 | J6: 35000 | K6: 1
A7: Долг действующие | B7: 15979273 | C7: 40000 | D7: =Таблица814657149176070[[#This Row],[Осталось собрать на 27.04]]-Таблица814657149176070[[#This Row],[Факт с 27.04-03.05]] -> 15939273 | G7: Роман | H7: 2 | I7: 0 | J7: 140000 | K7: 0
A8: Долг исключенные | B8: 14175196 | C8: 20000 | D8: =Таблица814657149176070[[#This Row],[Осталось собрать на 27.04]]-Таблица814657149176070[[#This Row],[Факт с 27.04-03.05]] -> 14155196 | G8: Давид | H8: 1 | I8: 1 | J8: 0 | K8: 1
A9: Сбор ЧВ по вступившим в этом квартале | B9: =Таблица8146571491760[[#This Row],[осталось собрать на 27.04]] -> 920000 | C9: 30000 | D9: =Таблица814657149176070[[#This Row],[Осталось собрать на 27.04]]+Таблица814657149176070[[#This Row],[Факт с 27.04-03.05]] -> 950000 | G9: Итого: | H9: =SUM(H4:H8) -> 8 | I9: =SUM(I4:I8) -> 3 | J9: =SUM(J4:J8) -> 315000 | K9: =SUM(K4:K8) -> 3
A10: Переплата | C10: 110000
A11: Сумма ЧВ у пристовов | C11: =C279+SUM(C27,C29) -> 7150000
A12: Сумма ЧВ в суде | C12: =SUM(C28,C30) -> 20302000 | I12: План
A13: Поступление от судебной деятельности | C13: =SUM(C31,C32) -> 40000 | H13: Счета Юр.услуги | I13: Счета Вступления | J13: Сбор Юр.услуги | K13: Кол-во вступлений
A14: Итого: | B14: =B6+B7+B8 -> 42758569 | C14: =SUM(C6:C10) -> 617000 | D14: =D6+D7+D8 -> 42281569 | G14: Наташа | H14: 2 | I14: 0 | J14: 100000 | K14: 0
G15: Ира | H15: 1 | I15: 1 | J15: 50000 | K15: 1
G16: Таня | H16: 2 | I16: 0 | J16: 30000 | K16: 1
A17: БГ | G17: Роман | H17: 1 | I17: 0 | J17: 70000 | K17: 0
A18: Наименование | B18: План на 27.04 | C18: Факт с 27.04-03.05 | D18: План на 04.05 | G18: Давид | H18: 2 | I18: 0 | J18: 70000 | K18: 1
A19: Счета на чв | G19: Итого: | H19: =SUM(H14:H18) -> 8 | I19: =SUM(I14:I18) -> 1 | J19: =SUM(J14:J18) -> 320000 | K19: =SUM(K14:K18) -> 3
A20: Счета на юридические услуги. | B20: 5 | C20: 8 | D20: 3
A21: Поступления по юр. Услугам. | B21: 250000 | C21: 495000 | D21: 150000
A22: Счета на прохождение экзамена | B22: 2 | C22: 1 | D22: 2
A23: Счета на вступления. | B23: 3 | C23: 4 | D23: 3
A24: Вступления. | B24: 3 | C24: 1 | D24: 3
A25: Сбор за экзамен | C25: 42000 | D25: 84000
A26: Итого: | C26: =C21+C25 -> 537000
A27: Сумма ЧВ у приставов действ | C27: 2700000
A28: Сумма ЧВ в суде действ | C28: 8275000
A29: Сумма ЧВ у приставов искл | C29: 4450000
A30: Сумма ЧВ в суде искл | C30: 12027000
A31: Поступления по СД искл | C31: 0
A32: Поступление по СД действ | C32: 40000
A33: ИТОГО в суде | C33: 20302000
A34: Юрлидер
A35: Наименование | B35: План на 27.04 | C35: Факт с 27.04-03.05 | D35: План на 04.05
A36: Счета на юр услуги. | B36: 11 | C36: 8 | D36: 8
A37: Счета на вступления | B37: 1 | C37: 3 | D37: 1
A38: Сбор юр услуги | B38: 500000 | C38: 315000 | D38: 320000
A39: Вступления | B39: 3 | C39: 3 | D39: 3

Sheet 19 неделя
A1: 19 неделя с 04.05.2026 по 10.05.2026
A2: Ростов | I2: Факт
A3: Ростов | B3: Осталось собрать на 04.05 | C3: Факт с 04.05-10.05 | D3: осталось собрать на 11.05-17.05 | E3: План | H3: Счета Юр.услуги | I3: Счета Вступления | J3: Сбор Юр.услуги | K3: Кол-во вступлений
A4: Начислено за квартал | B4: =Таблица814657149176070[[#This Row],[Осталось собрать на 27.04]] -> 24924000 | G4: Наташа | H4: 4 | I4: 1 | J4: 180000 | K4: 0
A5: Переплата за квартал | B5: =Таблица814657149176070[[#This Row],[Осталось собрать на 27.04]] -> 3016300 | G5: Ира | H5: 1 | I5: 1 | J5: 140000 | K5: 1
A6: План сбора за квартал | B6: =Таблица814657149176070[[#This Row],[осталось собрать на 04.05]] -> 12187100 | C6: 307000 | D6: =Таблица81465714917607082[[#This Row],[Осталось собрать на 04.05]]-Таблица81465714917607082[[#This Row],[Факт с 04.05-10.05]] -> 11880100 | G6: Таня | H6: 1 | I6: 1 | J6: 5000 | K6: 0
A7: Долг действующие | B7: =Таблица814657149176070[[#This Row],[осталось собрать на 04.05]] -> 15939273 | C7: 36500 | D7: =Таблица81465714917607082[[#This Row],[Осталось собрать на 04.05]]-Таблица81465714917607082[[#This Row],[Факт с 04.05-10.05]] -> 15902773 | G7: Роман | H7: 0 | I7: 0 | J7: 35000 | K7: 0
A8: Долг исключенные | B8: =Таблица814657149176070[[#This Row],[осталось собрать на 04.05]] -> 14155196 | C8: 278801.29 | D8: =Таблица81465714917607082[[#This Row],[Осталось собрать на 04.05]]-Таблица81465714917607082[[#This Row],[Факт с 04.05-10.05]] -> 13876395 | G8: Давид | H8: 2 | I8: 0 | J8: 0 | K8: 0
A9: Сбор ЧВ по вступившим в этом квартале | B9: =Таблица814657149176070[[#This Row],[осталось собрать на 04.05]] -> 950000 | C9: 120000 | D9: =SUM(Таблица81465714917607082[[#This Row],[Осталось собрать на 04.05]],Таблица81465714917607082[[#This Row],[Факт с 04.05-10.05]]) -> 1070000 | G9: Итого: | H9: =SUM(H4:H8) -> 8 | I9: =SUM(I4:I8) -> 3 | J9: =SUM(J4:J8) -> 360000 | K9: =SUM(K4:K8) -> 1
A10: Переплата | C10: 100000
A11: Сумма ЧВ у пристовов | C11: =SUM(B28,B30) -> 6901300
A12: Сумма ЧВ в суде | C12: =SUM(B29,B31) -> 20302000 | I12: План
A13: Поступление от судебной деятельности | C13: =SUM(B32,B33) -> 248700 | H13: Счета Юр.услуги | I13: Счета Вступления | J13: Сбор Юр.услуги | K13: Кол-во вступлений
A14: Итого: | B14: =Таблица814657149176070[[#This Row],[осталось собрать на 04.05]] -> 42281569 | C14: =SUM(C6:C10) -> 842301.29 | D14: =SUM(D6:D8) -> 41659268 | G14: Наташа | H14: 3 | I14: 0 | J14: 100000 | K14: 0
G15: Ира | H15: 10 | I15: 1 | J15: 50000 | K15: 1
A16: БГ | G16: Таня | H16: 3 | I16: 1 | J16: 100000 | K16: 1
A17: Наименование | B17: План на 04.05 | C17: Факт с 04.05-10.05 | D17: План на 11.05-17.05 | G17: Роман | H17: 1 | I17: 0 | J17: 70000 | K17: 0
A18: Счета на юридические услуги. | B18: 3 | C18: 5 | D18: 3 | G18: Давид | H18: 1 | I18: 0 | J18: 50000 | K18: 1
A19: Поступления по юр. Услугам. | B19: 150000 | C19: 255000 | D19: 150000 | G19: Итого: | H19: =SUM(H14:H18) -> 18 | I19: =SUM(I14:I18) -> 2 | J19: =SUM(J14:J18) -> 370000 | K19: =SUM(K14:K18) -> 3
A20: Счета на прохождение экзамена | B20: 2 | C20: 2 | D20: 3
A21: Счета на вступления. | B21: 3 | C21: 5 | D21: 3
A22: Вступления. | B22: 3 | C22: 2 | D22: 3
A23: Сбор за экзамен | B23: 84000 | C23: 84000 | D23: 126000
A24: Итого: | C24: =C19+C23 -> 339000
A26: Олег
A27: Наименование | B27: Факт с 04.05-10.05
A28: Сумма ЧВ у приставов действ | B28: 2700000
A29: Сумма ЧВ в суде действ | B29: 8275000
A30: Сумма ЧВ у приставов искл | B30: 4201300
A31: Сумма ЧВ в суде искл | B31: 12027000
A32: Поступления по СД искл | B32: 248700
A33: Поступление по СД действ | B33: 0
A34: ИТОГО в суде | B34: 19873300
A36: Юрлидер
A37: Наименование | B37: План на 04.05 | C37: Факт с 04.05-10.05 | D37: План на 11.05-17.05
A38: Счета на юр услуги. | B38: ='18 неделя'!D36 -> 8 | C38: 8 | D38: 18
A39: Счета на вступления | B39: ='18 неделя'!D37 -> 1 | C39: 3 | D39: 2
A40: Сбор юр услуги | B40: ='18 неделя'!D38 -> 320000 | C40: 360000 | D40: 370000
A41: Вступления | B41: ='18 неделя'!D39 -> 3 | C41: 1 | D41: 3
A43: Барановская
A44: Наименование | B44: Факт с 04.05-10.05
A45: Счета на юридические услуги. | B45: 1
A46: Поступления по юр. Услугам. | B46: 50000

Sheet 20 неделя
A1: 20 неделя с 11.05.2026 по 17.05.2026
A2: Ростов | I2: Факт
A3: Ростов | B3: Осталось собрать на 11.05 | C3: Факт с 11.05-17.05 | D3: осталось собрать на 18.05-24.05 | E3: План | H3: Счета Юр.услуги | I3: Счета Вступления | J3: Сбор Юр.услуги | K3: Кол-во вступлений
A4: Начислено за квартал | B4: =Таблица814657149176070[[#This Row],[Осталось собрать на 27.04]] -> 24924000 | G4: Наташа | H4: 2 | I4: 2 | J4: 5000 | K4: 1
A5: Переплата за квартал | B5: =Таблица814657149176070[[#This Row],[Осталось собрать на 27.04]] -> 3016300 | G5: Ира | H5: 20 | I5: 1 | J5: 65000 | K5: 0
A6: План сбора за квартал | B6: =Таблица81465714917607082[[#This Row],[осталось собрать на 11.05-17.05]] -> 11880100 | C6: 884000 | D6: =Таблица8146571491760708283[[#This Row],[Осталось собрать на 11.05]]-Таблица8146571491760708283[[#This Row],[Факт с 11.05-17.05]] -> 10996100 | G6: Таня | H6: 2 | I6: 2 | J6: 140000 | K6: 1
A7: Долг действующие | B7: =Таблица81465714917607082[[#This Row],[осталось собрать на 11.05-17.05]] -> 15902773 | C7: 45500 | D7: =Таблица8146571491760708283[[#This Row],[Осталось собрать на 11.05]]-Таблица8146571491760708283[[#This Row],[Факт с 11.05-17.05]] -> 15857273 | G7: Роман | H7: 1 | I7: 0 | J7: 70000 | K7: 0
A8: Долг исключенные | B8: =Таблица81465714917607082[[#This Row],[осталось собрать на 11.05-17.05]] -> 13876395 | C8: 145600 | D8: =Таблица8146571491760708283[[#This Row],[Осталось собрать на 11.05]]-Таблица8146571491760708283[[#This Row],[Факт с 11.05-17.05]] -> 13730795 | G8: Давид | H8: 0 | I8: 1 | J8: 40000 | K8: 1
A9: Сбор ЧВ по вступившим в этом квартале | B9: =Таблица81465714917607082[[#This Row],[осталось собрать на 11.05-17.05]] -> 1070000 | C9: 150000 | D9: =Таблица8146571491760708283[[#This Row],[Осталось собрать на 11.05]]+Таблица8146571491760708283[[#This Row],[Факт с 11.05-17.05]] -> 1220000 | G9: Итого: | H9: =SUM(H4:H8) -> 25 | I9: =SUM(I4:I8) -> 6 | J9: =SUM(J4:J8) -> 320000 | K9: =SUM(K4:K8) -> 3
A10: Переплата | C10: 316960.01
A11: Сумма ЧВ у пристовов | C11: =B28+B30 -> 6699300
A12: Сумма ЧВ в суде | C12: =B29+B31 -> 20302000 | I12: План
A13: Поступление от судебной деятельности | C13: =B32+B33 -> 202000 | H13: Счета Юр.услуги | I13: Счета Вступления | J13: Сбор Юр.услуги | K13: Кол-во вступлений
A14: Итого: | B14: =Таблица81465714917607082[[#This Row],[осталось собрать на 11.05-17.05]] -> 41659268 | C14: =SUM(C6:C10) -> 1542060 | D14: =SUM(D6:D8) -> 40584168 | G14: Наташа | H14: 10 | I14: 0 | J14: 100000 | K14: 1
G15: Ира | H15: 1 | I15: 1 | J15: 50000 | K15: 1
A16: БГ | G16: Таня | H16: 5 | I16: 1 | J16: 30000 | K16: 1
A17: Наименование | B17: План на 11.05 | C17: Факт с 11.05-17.05 | D17: План на 18.05-24.05 | G17: Роман | H17: 2 | I17: 0 | J17: 70000 | K17: 0
A18: Счета на юридические услуги. | B18: {='19 неделя'!D18:D23} -> 3 | C18: 3 | D18: 3 | G18: Давид | H18: 10 | I18: 0 | J18: 150000 | K18: 0
A19: Поступления по юр. Услугам. | B19: 150000 | C19: 220000 | D19: 150000 | G19: Итого: | H19: =SUM(H14:H18) -> 28 | I19: =SUM(I14:I18) -> 2 | J19: =SUM(J14:J18) -> 400000 | K19: =SUM(K14:K18) -> 3
A20: Счета на прохождение экзамена | B20: 3 | C20: 0 | D20: 2
A21: Счета на вступления. | B21: 3 | C21: 5 | D21: 3
A22: Вступления. | B22: 3 | C22: 3 | D22: 3
A23: Сбор за экзамен | B23: 126000 | C23: 0 | D23: 84000
A24: Итого: | C24: =C19+C23 -> 220000
A26: Олег
A27: Наименование | B27: Факт с 11.05-17.05
A28: Сумма ЧВ у приставов действ | B28: 2700000
A29: Сумма ЧВ в суде действ | B29: 8275000
A30: Сумма ЧВ у приставов искл | B30: 3999300
A31: Сумма ЧВ в суде искл | B31: 12027000
A32: Поступления по СД искл | B32: 202000
A33: Поступление по СД действ | B33: 0
A34: ИТОГО в суде | B34: 19671300
A36: Юрлидер
A37: Наименование | B37: План на 11.05 | C37: Факт с 11.05-17.05 | D37: План на 18.05-24.05
A38: Счета на юр услуги. | B38: =Таблица5052697784[[#This Row],[План на 11.05-17.05]] -> 18 | C38: 25 | D38: 28
A39: Счета на вступления | B39: =Таблица5052697784[[#This Row],[План на 11.05-17.05]] -> 2 | C39: 6 | D39: 2
A40: Сбор юр услуги | B40: =Таблица5052697784[[#This Row],[План на 11.05-17.05]] -> 370000 | C40: 320000 | D40: 400000
A41: Вступления | B41: =Таблица5052697784[[#This Row],[План на 11.05-17.05]] -> 3 | C41: 3 | D41: 3
A43: Барановская
A44: Наименование | B44: Факт с 11.05-17.05
A45: Счета на юридические услуги. | B45: 1
A46: Поступления по юр. Услугам. | B46: 30000

Sheet 21 неделя
A1: 21 неделя с 18.05.2026 по 24.05.2026
A2: Ростов | I2: Факт
A3: Ростов | B3: Осталось собрать на 18.05 | C3: Факт с 18.05-24.05 | D3: осталось собрать на 25.05-31.05 | E3: План | H3: Счета Юр.услуги | I3: Счета Вступления | J3: Сбор Юр.услуги | K3: Кол-во вступлений
A4: Начислено за квартал | B4: =Таблица814657149176070[[#This Row],[Осталось собрать на 27.04]] -> 24924000 | G4: Наташа | H4: 22 | I4: 1 | J4: 300000 | K4: 1
A5: Переплата за квартал | B5: =Таблица814657149176070[[#This Row],[Осталось собрать на 27.04]] -> 3016300 | G5: Ира | H5: 2 | I5: 1 | J5: 320000 | K5: 1
A6: План сбора за квартал | B6: =Таблица8146571491760708283[[#This Row],[осталось собрать на 18.05-24.05]] -> 10996100 | C6: 892500 | D6: =Таблица814657149176070828388[[#This Row],[Осталось собрать на 18.05]]-Таблица814657149176070828388[[#This Row],[Факт с 18.05-24.05]] -> 10103600 | G6: Таня | H6: 3 | I6: 1 | J6: 120000 | K6: 1
A7: Долг действующие | B7: =Таблица8146571491760708283[[#This Row],[осталось собрать на 18.05-24.05]] -> 15857273 | C7: 47000 | D7: =Таблица814657149176070828388[[#This Row],[Осталось собрать на 18.05]]-Таблица814657149176070828388[[#This Row],[Факт с 18.05-24.05]] -> 15810273 | G7: Роман | H7: 5 | I7: 1 | J7: 195000 | K7: 0
A8: Долг исключенные | B8: =Таблица8146571491760708283[[#This Row],[осталось собрать на 18.05-24.05]] -> 13730795 | C8: 0 | D8: =Таблица814657149176070828388[[#This Row],[Осталось собрать на 18.05]]-Таблица814657149176070828388[[#This Row],[Факт с 18.05-24.05]] -> 13730795 | G8: Давид | H8: 11 | I8: 1 | J8: 12000 | K8: 0
A9: Сбор ЧВ по вступившим в этом квартале | B9: =Таблица8146571491760708283[[#This Row],[осталось собрать на 18.05-24.05]] -> 1220000 | C9: 150000 | D9: =Таблица814657149176070828388[[#This Row],[Осталось собрать на 18.05]]+Таблица814657149176070828388[[#This Row],[Факт с 18.05-24.05]] -> 1370000 | G9: Итого: | H9: =SUM(H4:H8) -> 43 | I9: =SUM(I4:I8) -> 5 | J9: =SUM(J4:J8) -> 947000 | K9: =SUM(K4:K8) -> 3
A10: Переплата | C10: 285000
A11: Сумма ЧВ у пристовов | C11: =B28+B30 -> 6699300
A12: Сумма ЧВ в суде | C12: =B29+B31 -> 20223500 | I12: План
A13: Поступление от судебной деятельности | C13: =B32+B33 -> 78500 | H13: Счета Юр.услуги | I13: Счета Вступления | J13: Сбор Юр.услуги | K13: Кол-во вступлений
A14: Итого: | B14: =Таблица8146571491760708283[[#This Row],[осталось собрать на 18.05-24.05]] -> 40584168 | C14: =SUM(C6:C10) -> 1374500 | D14: =SUM(D6:D8) -> 39644668 | G14: Наташа | H14: 4 | I14: 0 | J14: 100000 | K14: 0
G15: Ира | H15: 1 | I15: 1 | J15: 50000 | K15: 1
A16: БГ | G16: Таня | H16: 2 | I16: 1 | J16: 50000 | K16: 1
A17: Наименование | B17: План на 18.05 | C17: Факт с 18.05-24.05 | D17: План на 25.05-31.05 | G17: Роман | H17: 2 | I17: 0 | J17: 80000 | K17: 0
A18: Счета на юридические услуги. | B18: {='20 неделя'!D18:D23} -> 3 | C18: 17 | D18: 5 | G18: Давид | H18: 0 | I18: 0 | J18: 110000 | K18: 0
A19: Поступления по юр. Услугам. | B19: 150000 | C19: 1095000 | D19: 250000 | G19: Итого: | H19: =SUM(H14:H18) -> 9 | I19: =SUM(I14:I18) -> 2 | J19: =SUM(J14:J18) -> 390000 | K19: =SUM(K14:K18) -> 2
A20: Счета на прохождение экзамена | B20: 2 | C20: 5 | D20: 2
A21: Счета на вступления. | B21: 3 | C21: 3 | D21: 5
A22: Вступления. | B22: 3 | C22: 3 | D22: 5
A23: Сбор за экзамен | B23: 84000 | C23: 210000 | D23: 84000
A24: Итого: | C24: =C19+C23 -> 1305000
A26: Олег
A27: Наименование | B27: Факт с 18.05-24.05
A28: Сумма ЧВ у приставов действ | B28: 2700000
A29: Сумма ЧВ в суде действ | B29: 8196500
A30: Сумма ЧВ у приставов искл | B30: 3999300
A31: Сумма ЧВ в суде искл | B31: 12027000
A32: Поступления по СД искл | B32: 0
A33: Поступление по СД действ | B33: 78500
A34: ИТОГО в суде | B34: 19592800
A36: Юрлидер
A37: Наименование | B37: План на 18.05 | C37: Факт с 18.05-24.05 | D37: План на 25.05-31.05
A38: Счета на юр услуги. | B38: =Таблица505269778485[[#This Row],[План на 18.05-24.05]] -> 28 | C38: 43 | D38: 9
A39: Счета на вступления | B39: =Таблица505269778485[[#This Row],[План на 18.05-24.05]] -> 2 | C39: 5 | D39: 2
A40: Сбор юр услуги | B40: =Таблица505269778485[[#This Row],[План на 18.05-24.05]] -> 400000 | C40: 947000 | D40: 390000
A41: Вступления | B41: =Таблица505269778485[[#This Row],[План на 18.05-24.05]] -> 3 | C41: 3 | D41: 2
A43: Барановская
A44: Наименование | B44: Факт с 18.05-24.05
A45: Счета на юридические услуги. | B45: 1
A46: Поступления по юр. Услугам. | B46: 30000

Sheet 18-21 недели
A1: 18 -21 неделю с 27.04.2026 по 24.05.2026
A2: Ростов | I2: Факт 27.04-24.05 | O2: 18 неделя | U2: 19 неделя | AA2: 20 неделя | AG2: 21 неделя
A3: Ростов | B3: Осталось собрать на 27.04 | C3: Факт с 27.04-24.05 | D3: осталось собрать на 25.05-31.05 | E3: План | H3: Счета Юр.услуги | I3: Счета Вступления | J3: Сбор Юр.услуги | K3: Кол-во вступлений | M3: {='18 неделя'!G3:K9} -> 0 | N3: Счета Юр.услуги | O3: Счета Вступления | P3: Сбор Юр.услуги | Q3: Кол-во вступлений | S3: {='19 неделя'!G3:K9} -> 0 | T3: Счета Юр.услуги | U3: Счета Вступления | V3: Сбор Юр.услуги | W3: Кол-во вступлений | Y3: {='20 неделя'!G3:K9} -> 0 | Z3: Счета Юр.услуги | AA3: Счета Вступления | AB3: Сбор Юр.услуги | AC3: Кол-во вступлений | AE3: {='21 неделя'!G3:K9} -> 0 | AF3: Счета Юр.услуги | AG3: Счета Вступления | AH3: Сбор Юр.услуги | AI3: Кол-во вступлений
A4: Начислено за квартал | B4: =Таблица814657149176070[[#This Row],[Осталось собрать на 27.04]] -> 24924000 | G4: Наташа | H4: =N4+T4+Z4+AF4 -> 30 | I4: =O4+U4+AA4+AG4 -> 4 | J4: =P4+V4+AB4+AH4 -> 595000 | K4: =Q4+W4+AC4+AI4 -> 2 | M4: Наташа | N4: 2 | O4: 0 | P4: 110000 | Q4: 0 | S4: Наташа | T4: 4 | U4: 1 | V4: 180000 | W4: 0 | Y4: Наташа | Z4: 2 | AA4: 2 | AB4: 5000 | AC4: 1 | AE4: Наташа | AF4: 22 | AG4: 1 | AH4: 300000 | AI4: 1
A5: Переплата за квартал | B5: =Таблица814657149176070[[#This Row],[Осталось собрать на 27.04]] -> 3016300 | G5: Ира | H5: =N5+T5+Z5+AF5 -> 24 | I5: =O5+U5+AA5+AG5 -> 4 | J5: =P5+V5+AB5+AH5 -> 555000 | K5: =Q5+W5+AC5+AI5 -> 3 | M5: Ира | N5: 1 | O5: 1 | P5: 30000 | Q5: 1 | S5: Ира | T5: 1 | U5: 1 | V5: 140000 | W5: 1 | Y5: Ира | Z5: 20 | AA5: 1 | AB5: 65000 | AC5: 0 | AE5: Ира | AF5: 2 | AG5: 1 | AH5: 320000 | AI5: 1
A6: План сбора за квартал | B6: =Таблица814657149176070[[#This Row],[Осталось собрать на 27.04]] -> 12604100 | C6: 2480500 | D6: =Таблица81465714917607082838896[[#This Row],[Осталось собрать на 27.04]]-Таблица81465714917607082838896[[#This Row],[Факт с 27.04-24.05]] -> 10123600 | G6: Таня | H6: =N6+T6+Z6+AF6 -> 8 | I6: =O6+U6+AA6+AG6 -> 5 | J6: =P6+V6+AB6+AH6 -> 300000 | K6: =Q6+W6+AC6+AI6 -> 3 | M6: Таня | N6: 2 | O6: 1 | P6: 35000 | Q6: 1 | S6: Таня | T6: 1 | U6: 1 | V6: 5000 | W6: 0 | Y6: Таня | Z6: 2 | AA6: 2 | AB6: 140000 | AC6: 1 | AE6: Таня | AF6: 3 | AG6: 1 | AH6: 120000 | AI6: 1
A7: Долг действующие | B7: =Таблица814657149176070[[#This Row],[Осталось собрать на 27.04]] -> 15979273 | C7: 169000 | D7: =Таблица81465714917607082838896[[#This Row],[Осталось собрать на 27.04]]-Таблица81465714917607082838896[[#This Row],[Факт с 27.04-24.05]] -> 15810273 | G7: Роман | H7: =N7+T7+Z7+AF7 -> 8 | I7: =O7+U7+AA7+AG7 -> 1 | J7: =P7+V7+AB7+AH7 -> 440000 | K7: =Q7+W7+AC7+AI7 -> 0 | M7: Роман | N7: 2 | O7: 0 | P7: 140000 | Q7: 0 | S7: Роман | T7: 0 | U7: 0 | V7: 35000 | W7: 0 | Y7: Роман | Z7: 1 | AA7: 0 | AB7: 70000 | AC7: 0 | AE7: Роман | AF7: 5 | AG7: 1 | AH7: 195000 | AI7: 0
A8: Долг исключенные | B8: =Таблица814657149176070[[#This Row],[Осталось собрать на 27.04]] -> 14175196 | C8: 464401.29 | D8: =Таблица81465714917607082838896[[#This Row],[Осталось собрать на 27.04]]-Таблица81465714917607082838896[[#This Row],[Факт с 27.04-24.05]] -> 13710795 | G8: Давид | H8: =N8+T8+Z8+AF8 -> 14 | I8: =O8+U8+AA8+AG8 -> 3 | J8: =P8+V8+AB8+AH8 -> 52000 | K8: =Q8+W8+AC8+AI8 -> 2 | M8: Давид | N8: 1 | O8: 1 | P8: 0 | Q8: 1 | S8: Давид | T8: 2 | U8: 0 | V8: 0 | W8: 0 | Y8: Давид | Z8: 0 | AA8: 1 | AB8: 40000 | AC8: 1 | AE8: Давид | AF8: 11 | AG8: 1 | AH8: 12000 | AI8: 0
A9: Сбор ЧВ по вступившим в этом квартале | B9: =Таблица814657149176070[[#This Row],[Осталось собрать на 27.04]] -> 920000 | C9: 450000 | D9: =Таблица81465714917607082838896[[#This Row],[Осталось собрать на 27.04]]+Таблица81465714917607082838896[[#This Row],[Факт с 27.04-24.05]] -> 1370000 | G9: Итого: | H9: =N9+T9+Z9+AF9 -> 84 | I9: =O9+U9+AA9+AG9 -> 17 | J9: =P9+V9+AB9+AH9 -> 1942000 | K9: =Q9+W9+AC9+AI9 -> 10 | M9: Итого: | N9: 8 | O9: 3 | P9: 315000 | Q9: 3 | S9: Итого: | T9: 8 | U9: 3 | V9: 360000 | W9: 1 | Y9: Итого: | Z9: 25 | AA9: 6 | AB9: 320000 | AC9: 3 | AE9: Итого: | AF9: 43 | AG9: 5 | AH9: 947000 | AI9: 3
A10: Переплата | C10: 811960
A11: Сумма ЧВ у пристовов
A12: Сумма ЧВ в суде | I12: План 27.04-24.05
A13: Поступление от судебной деятельности | H13: Счета Юр.услуги | I13: Счета Вступления | J13: Сбор Юр.услуги | K13: Кол-во вступлений | N13: Счета Юр.услуги | O13: Счета Вступления | P13: Сбор Юр.услуги | Q13: Кол-во вступлений | T13: Счета Юр.услуги | U13: Счета Вступления | V13: Сбор Юр.услуги | W13: Кол-во вступлений | Z13: Счета Юр.услуги | AA13: Счета Вступления | AB13: Сбор Юр.услуги | AC13: Кол-во вступлений | AF13: Счета Юр.услуги | AG13: Счета Вступления | AH13: Сбор Юр.услуги | AI13: Кол-во вступлений
A14: Итого: | B14: =Таблица814657149176070[[#This Row],[Осталось собрать на 27.04]] -> 42758569 | C14: =SUM(C6:C10) -> 4375861.3 | D14: =SUM(D6:D8) -> 39644668 | G14: Наташа | H14: =Таблица79613647053628059747687103[[#This Row],[Счета Юр.услуги]]+Таблица79613647053628059747687869092104[[#This Row],[Счета Юр.услуги]]+Таблица7961364705362805974768786909287108[[#This Row],[Счета Юр.услуги]]+Таблица796136470536280597476878690928795107[[#This Row],[Счета Юр.услуги]] -> 19 | I14: =Таблица79613647053628059747687103[[#This Row],[Счета Вступления]]+Таблица79613647053628059747687869092104[[#This Row],[Счета Вступления]]+Таблица7961364705362805974768786909287108[[#This Row],[Счета Вступления]]+Таблица796136470536280597476878690928795107[[#This Row],[Счета Вступления]] -> 0 | J14: =Таблица79613647053628059747687103[[#This Row],[Сбор Юр.услуги]]+Таблица79613647053628059747687869092104[[#This Row],[Сбор Юр.услуги]]+Таблица7961364705362805974768786909287108[[#This Row],[Сбор Юр.услуги]]+Таблица796136470536280597476878690928795107[[#This Row],[Сбор Юр.услуги]] -> 400000 | K14: =Таблица79613647053628059747687103[[#This Row],[Кол-во вступлений]]+Таблица79613647053628059747687869092104[[#This Row],[Кол-во вступлений]]+Таблица7961364705362805974768786909287108[[#This Row],[Кол-во вступлений]]+Таблица796136470536280597476878690928795107[[#This Row],[Кол-во вступлений]] -> 1 | M14: Наташа | N14: 2 | O14: 0 | P14: 100000 | Q14: 0 | S14: Наташа | T14: 3 | U14: 0 | V14: 100000 | W14: 0 | Y14: Наташа | Z14: 10 | AA14: 0 | AB14: 100000 | AC14: 1 | AE14: Наташа | AF14: 4 | AG14: 0 | AH14: 100000 | AI14: 0
G15: Ира | H15: =Таблица79613647053628059747687103[[#This Row],[Счета Юр.услуги]]+Таблица79613647053628059747687869092104[[#This Row],[Счета Юр.услуги]]+Таблица7961364705362805974768786909287108[[#This Row],[Счета Юр.услуги]]+Таблица796136470536280597476878690928795107[[#This Row],[Счета Юр.услуги]] -> 13 | I15: =Таблица79613647053628059747687103[[#This Row],[Счета Вступления]]+Таблица79613647053628059747687869092104[[#This Row],[Счета Вступления]]+Таблица7961364705362805974768786909287108[[#This Row],[Счета Вступления]]+Таблица796136470536280597476878690928795107[[#This Row],[Счета Вступления]] -> 4 | J15: =Таблица79613647053628059747687103[[#This Row],[Сбор Юр.услуги]]+Таблица79613647053628059747687869092104[[#This Row],[Сбор Юр.услуги]]+Таблица7961364705362805974768786909287108[[#This Row],[Сбор Юр.услуги]]+Таблица796136470536280597476878690928795107[[#This Row],[Сбор Юр.услуги]] -> 200000 | K15: =Таблица79613647053628059747687103[[#This Row],[Кол-во вступлений]]+Таблица79613647053628059747687869092104[[#This Row],[Кол-во вступлений]]+Таблица7961364705362805974768786909287108[[#This Row],[Кол-во вступлений]]+Таблица796136470536280597476878690928795107[[#This Row],[Кол-во вступлений]] -> 4 | M15: Ира | N15: 1 | O15: 1 | P15: 50000 | Q15: 1 | S15: Ира | T15: 10 | U15: 1 | V15: 50000 | W15: 1 | Y15: Ира | Z15: 1 | AA15: 1 | AB15: 50000 | AC15: 1 | AE15: Ира | AF15: 1 | AG15: 1 | AH15: 50000 | AI15: 1
A16: БГ | G16: Таня | H16: =Таблица79613647053628059747687103[[#This Row],[Счета Юр.услуги]]+Таблица79613647053628059747687869092104[[#This Row],[Счета Юр.услуги]]+Таблица7961364705362805974768786909287108[[#This Row],[Счета Юр.услуги]]+Таблица796136470536280597476878690928795107[[#This Row],[Счета Юр.услуги]] -> 12 | I16: =Таблица79613647053628059747687103[[#This Row],[Счета Вступления]]+Таблица79613647053628059747687869092104[[#This Row],[Счета Вступления]]+Таблица7961364705362805974768786909287108[[#This Row],[Счета Вступления]]+Таблица796136470536280597476878690928795107[[#This Row],[Счета Вступления]] -> 3 | J16: =Таблица79613647053628059747687103[[#This Row],[Сбор Юр.услуги]]+Таблица79613647053628059747687869092104[[#This Row],[Сбор Юр.услуги]]+Таблица7961364705362805974768786909287108[[#This Row],[Сбор Юр.услуги]]+Таблица796136470536280597476878690928795107[[#This Row],[Сбор Юр.услуги]] -> 210000 | K16: =Таблица79613647053628059747687103[[#This Row],[Кол-во вступлений]]+Таблица79613647053628059747687869092104[[#This Row],[Кол-во вступлений]]+Таблица7961364705362805974768786909287108[[#This Row],[Кол-во вступлений]]+Таблица796136470536280597476878690928795107[[#This Row],[Кол-во вступлений]] -> 4 | M16: Таня | N16: 2 | O16: 0 | P16: 30000 | Q16: 1 | S16: Таня | T16: 3 | U16: 1 | V16: 100000 | W16: 1 | Y16: Таня | Z16: 5 | AA16: 1 | AB16: 30000 | AC16: 1 | AE16: Таня | AF16: 2 | AG16: 1 | AH16: 50000 | AI16: 1
A17: Наименование | B17: План 27.04-24.05 | C17: Факт с 27.04-24.05 | G17: Роман | H17: =Таблица79613647053628059747687103[[#This Row],[Счета Юр.услуги]]+Таблица79613647053628059747687869092104[[#This Row],[Счета Юр.услуги]]+Таблица7961364705362805974768786909287108[[#This Row],[Счета Юр.услуги]]+Таблица796136470536280597476878690928795107[[#This Row],[Счета Юр.услуги]] -> 6 | I17: =Таблица79613647053628059747687103[[#This Row],[Счета Вступления]]+Таблица79613647053628059747687869092104[[#This Row],[Счета Вступления]]+Таблица7961364705362805974768786909287108[[#This Row],[Счета Вступления]]+Таблица796136470536280597476878690928795107[[#This Row],[Счета Вступления]] -> 0 | J17: =Таблица79613647053628059747687103[[#This Row],[Сбор Юр.услуги]]+Таблица79613647053628059747687869092104[[#This Row],[Сбор Юр.услуги]]+Таблица7961364705362805974768786909287108[[#This Row],[Сбор Юр.услуги]]+Таблица796136470536280597476878690928795107[[#This Row],[Сбор Юр.услуги]] -> 290000 | K17: =Таблица79613647053628059747687103[[#This Row],[Кол-во вступлений]]+Таблица79613647053628059747687869092104[[#This Row],[Кол-во вступлений]]+Таблица7961364705362805974768786909287108[[#This Row],[Кол-во вступлений]]+Таблица796136470536280597476878690928795107[[#This Row],[Кол-во вступлений]] -> 0 | M17: Роман | N17: 1 | O17: 0 | P17: 70000 | Q17: 0 | S17: Роман | T17: 1 | U17: 0 | V17: 70000 | W17: 0 | Y17: Роман | Z17: 2 | AA17: 0 | AB17: 70000 | AC17: 0 | AE17: Роман | AF17: 2 | AG17: 0 | AH17: 80000 | AI17: 0
A18: Счета на юридические услуги. | B18: =O23+R23+U23+X23 -> 14 | C18: =N23+Q23+T23+W23 -> 33 | G18: Давид | H18: =Таблица79613647053628059747687103[[#This Row],[Счета Юр.услуги]]+Таблица79613647053628059747687869092104[[#This Row],[Счета Юр.услуги]]+Таблица7961364705362805974768786909287108[[#This Row],[Счета Юр.услуги]]+Таблица796136470536280597476878690928795107[[#This Row],[Счета Юр.услуги]] -> 13 | I18: =Таблица79613647053628059747687103[[#This Row],[Счета Вступления]]+Таблица79613647053628059747687869092104[[#This Row],[Счета Вступления]]+Таблица7961364705362805974768786909287108[[#This Row],[Счета Вступления]]+Таблица796136470536280597476878690928795107[[#This Row],[Счета Вступления]] -> 0 | J18: =Таблица79613647053628059747687103[[#This Row],[Сбор Юр.услуги]]+Таблица79613647053628059747687869092104[[#This Row],[Сбор Юр.услуги]]+Таблица7961364705362805974768786909287108[[#This Row],[Сбор Юр.услуги]]+Таблица796136470536280597476878690928795107[[#This Row],[Сбор Юр.услуги]] -> 380000 | K18: =Таблица79613647053628059747687103[[#This Row],[Кол-во вступлений]]+Таблица79613647053628059747687869092104[[#This Row],[Кол-во вступлений]]+Таблица7961364705362805974768786909287108[[#This Row],[Кол-во вступлений]]+Таблица796136470536280597476878690928795107[[#This Row],[Кол-во вступлений]] -> 2 | M18: Давид | N18: 2 | O18: 0 | P18: 70000 | Q18: 1 | S18: Давид | T18: 1 | U18: 0 | V18: 50000 | W18: 1 | Y18: Давид | Z18: 10 | AA18: 0 | AB18: 150000 | AC18: 0 | AE18: Давид | AF18: 0 | AG18: 0 | AH18: 110000 | AI18: 0
A19: Поступления по юр. Услугам. | B19: =O24+R24+U24+X24 -> 700000 | C19: =N24+Q24+T24+W24 -> 2065000 | G19: Итого: | H19: =Таблица79613647053628059747687103[[#This Row],[Счета Юр.услуги]]+Таблица79613647053628059747687869092104[[#This Row],[Счета Юр.услуги]]+Таблица7961364705362805974768786909287108[[#This Row],[Счета Юр.услуги]]+Таблица796136470536280597476878690928795107[[#This Row],[Счета Юр.услуги]] -> 63 | I19: =Таблица79613647053628059747687103[[#This Row],[Счета Вступления]]+Таблица79613647053628059747687869092104[[#This Row],[Счета Вступления]]+Таблица7961364705362805974768786909287108[[#This Row],[Счета Вступления]]+Таблица796136470536280597476878690928795107[[#This Row],[Счета Вступления]] -> 7 | J19: =Таблица79613647053628059747687103[[#This Row],[Сбор Юр.услуги]]+Таблица79613647053628059747687869092104[[#This Row],[Сбор Юр.услуги]]+Таблица7961364705362805974768786909287108[[#This Row],[Сбор Юр.услуги]]+Таблица796136470536280597476878690928795107[[#This Row],[Сбор Юр.услуги]] -> 1480000 | K19: =Таблица79613647053628059747687103[[#This Row],[Кол-во вступлений]]+Таблица79613647053628059747687869092104[[#This Row],[Кол-во вступлений]]+Таблица7961364705362805974768786909287108[[#This Row],[Кол-во вступлений]]+Таблица796136470536280597476878690928795107[[#This Row],[Кол-во вступлений]] -> 11 | M19: Итого: | N19: =SUM(N14:N18) -> 8 | O19: =SUM(O14:O18) -> 1 | P19: =SUM(P14:P18) -> 320000 | Q19: =SUM(Q14:Q18) -> 3 | S19: Итого: | T19: =SUM(T14:T18) -> 18 | U19: =SUM(U14:U18) -> 2 | V19: =SUM(V14:V18) -> 370000 | W19: =SUM(W14:W18) -> 3 | Y19: Итого: | Z19: =SUM(Z14:Z18) -> 28 | AA19: =SUM(AA14:AA18) -> 2 | AB19: =SUM(AB14:AB18) -> 400000 | AC19: =SUM(AC14:AC18) -> 3 | AE19: Итого: | AF19: =SUM(AF14:AF18) -> 9 | AG19: =SUM(AG14:AG18) -> 2 | AH19: =SUM(AH14:AH18) -> 390000 | AI19: =SUM(AI14:AI18) -> 2
A20: Счета на прохождение экзамена | B20: =O25+R25+U25+X25 -> 9 | C20: =N25+Q25+T25+W25 -> 8
A21: Счета на вступления. | B21: =O26+R26+U26+X26 -> 14 | C21: =N26+Q26+T26+W26 -> 17 | M21: БГ 18 неделя | Q21: 19 неделя | T21: 20 неделя | W21: 21 неделя
A22: Вступления. | B22: =O27+R27+U27+X27 -> 14 | C22: =N27+Q27+T27+W27 -> 9 | M22: Наименование | Q22: Факт с 04.05-10.05 | R22: План на 11.05-17.05 | T22: Факт с 11.05-17.05 | U22: План на 18.05-24.05 | W22: Факт с 18.05-24.05 | X22: План на 25.05-31.05
A23: Сбор за экзамен | B23: =O28+R28+U28+X28 -> 378000 | C23: =N28+Q28+T28+W28 -> 336000 | M23: Счета на юридические услуги. | N23: 8 | O23: 3 | Q23: 5 | R23: 3 | T23: 3 | U23: 3 | W23: 17 | X23: 5
A24: Итого: | C24: =N29+Q29+T29+W29 -> 2401000 | M24: Поступления по юр. Услугам. | N24: 495000 | O24: 150000 | Q24: 255000 | R24: 150000 | T24: 220000 | U24: 150000 | W24: 1095000 | X24: 250000
M25: Счета на прохождение экзамена | N25: 1 | O25: 2 | Q25: 2 | R25: 3 | T25: 0 | U25: 2 | W25: 5 | X25: 2
A26: Олег | M26: Счета на вступления. | N26: 4 | O26: 3 | Q26: 5 | R26: 3 | T26: 5 | U26: 3 | W26: 3 | X26: 5
A27: Наименование | B27: Факт с 18.05-24.05 | M27: Вступления. | N27: 1 | O27: 3 | Q27: 2 | R27: 3 | T27: 3 | U27: 3 | W27: 3 | X27: 5
A28: Сумма ЧВ у приставов действ | M28: Сбор за экзамен | N28: 42000 | O28: 84000 | Q28: 84000 | R28: 126000 | T28: 0 | U28: 84000 | W28: 210000 | X28: 84000
A29: Сумма ЧВ в суде действ | M29: Итого: | N29: =N24+N28 -> 537000 | Q29: =Q24+Q28 -> 339000 | T29: =T24+T28 -> 220000 | W29: =W24+W28 -> 1305000
A30: Сумма ЧВ у приставов искл
A31: Сумма ЧВ в суде искл
A32: Поступления по СД искл
A33: Поступление по СД действ
A34: ИТОГО в суде
A36: Юрлидер
A37: Наименование | B37: План на 27.04-24.05 | C37: Факт с 27.04-24.05
A38: Счета на юр услуги. | B38: =H19 -> 63 | C38: =H9 -> 84
A39: Счета на вступления | B39: =I19 -> 7 | C39: =I9 -> 17
A40: Сбор юр услуги | B40: =J19 -> 1480000 | C40: =J9 -> 1942000
A41: Вступления | B41: =K19 -> 11 | C41: =K9 -> 10
A43: Барановская
A44: Наименование | B44: Факт с 27.04-24.05
A45: Счета на юридические услуги. | B45: 3
A46: Поступления по юр. Услугам. | B46: 110000

Sheet 22 неделя
A1: 22 неделя с 25.05 по 31.05.2026
A2: ОРС | M2: Факт
A3: Ростов | B3: Осталось собрать на 25.06 | C3: Факт с 25.05-31.05.2026 | D3: Осталось собрать на 01.06.2026 | K3: Менеджеры | L3: Счета Юр.услуги | M3: Счета Вступления | N3: Сбор Юр.услуги | O3: Кол-во вступлений
A4: Начислено за квартал | B4: =Таблица81465714917607082838896[[#This Row],[Осталось собрать на 27.04]] -> 24924000 | K4: Наташа | L4: 1 | M4: 2 | N4: 355000 | O4: 1
A5: Переплата за квартал | B5: =Таблица81465714917607082838896[[#This Row],[Осталось собрать на 27.04]] -> 3016300 | K5: Ира | L5: 2 | M5: 0 | N5: 115000 | O5: 0
A6: План сбора за квартал | B6: =Таблица81465714917607082838896[[#This Row],[осталось собрать на 25.05-31.05]] -> 10123600 | C6: 315000 | D6: =Таблица814657149176070828388110101118[[#This Row],[Осталось собрать на 25.06 ]]-Таблица814657149176070828388110101118[[#This Row],[Факт с 25.05-31.05.2026]] -> 9808600 | K6: Таня | L6: 3 | M6: 2 | N6: 60000 | O6: 0
A7: Долг действующие | B7: =Таблица81465714917607082838896[[#This Row],[осталось собрать на 25.05-31.05]] -> 15810273 | C7: 0 | D7: =Таблица814657149176070828388110101118[[#This Row],[Осталось собрать на 25.06 ]]-Таблица814657149176070828388110101118[[#This Row],[Факт с 25.05-31.05.2026]] -> 15810273 | K7: Роман | L7: 3 | M7: 0 | N7: 125000 | O7: 0
A8: Долг исключенные | B8: =Таблица81465714917607082838896[[#This Row],[осталось собрать на 25.05-31.05]] -> 13710795 | C8: 148610.66 | D8: =Таблица814657149176070828388110101118[[#This Row],[Осталось собрать на 25.06 ]]-Таблица814657149176070828388110101118[[#This Row],[Факт с 25.05-31.05.2026]] -> 13562184 | K8: Давид | L8: 1 | M8: 0 | N8: 145000 | O8: 0
A9: Сбор ЧВ по вступившим в этом квартале | B9: =Таблица81465714917607082838896[[#This Row],[осталось собрать на 25.05-31.05]] -> 1370000 | C9: 220000 | D9: =Таблица814657149176070828388110101118[[#This Row],[Осталось собрать на 25.06 ]]+Таблица814657149176070828388110101118[[#This Row],[Факт с 25.05-31.05.2026]] -> 1590000 | K9: Итого: | L9: =SUM(L4:L8) -> 10 | M9: =SUM(M4:M8) -> 4 | N9: =SUM(N4:N8) -> 800000 | O9: =SUM(O4:O8) -> 1
A10: Переплата | C10: 265000
A11: Сумма ЧВ у пристовов | C11: =SUM(B29,B31) -> 9952100 | M11: План
A12: Сумма ЧВ в суде | C12: =SUM(B30,B32) -> 8955200 | K12: Менеджеры | L12: Счета Юр.услуги | M12: Счета Вступления | N12: Сбор Юр.услуги | O12: Кол-во вступлений
A13: Поступление от судебной деятельности | C13: =SUM(B33,B34) -> 198610.66 | K13: Наташа | L13: 3 | M13: 0 | N13: 100000 | O13: 0
A14: Итого: | B14: =Таблица81465714917607082838896[[#This Row],[осталось собрать на 25.05-31.05]] -> 39644668 | C14: =SUM(C6:C10) -> 948610.66 | D14: =SUM(D6:D8) -> 39181058 | K14: Ира | L14: 1 | M14: 1 | N14: 50000 | O14: 1
K15: Таня | L15: 3 | M15: 1 | N15: 50000 | O15: 1
A16: Бизнес-групп | K16: Роман | L16: 2 | M16: 0 | N16: 80000 | O16: 0
A17: Наименование | B17: План на | C17: 25.05.2026 | D17: Факт на | E17: 25.05-31.05.2026 | F17: Поступление на | G17: 25.05-31.05.20262 | H17: План на | I17: 01.06.2026 | K17: Давид | L17: 1 | M17: 0 | N17: 80000 | O17: 0
B18: Колличество | C18: Сумма | D18: Колличество | E18: Сумма | F18: Колличество | G18: Сумма | H18: Колличество | I18: Сумма | K18: Итого: | L18: =SUM(L13:L17) -> 10 | M18: =SUM(M13:M17) -> 2 | N18: =SUM(N13:N17) -> 360000 | O18: =SUM(O13:O17) -> 2
A19: Выставленные счета на юр. Услугам | B19: 5 | C19: 250000 | D19: 27 | E19: 2030000 | F19: 11 | G19: 795000 | H19: 3 | I19: 150000
A20: Выставленные счета на прохождение экзамена | B20: 2 | C20: 84000 | D20: 2 | E20: 84000 | F20: 1 | G20: 42000 | H20: 2 | I20: 84000
A21: Ранее выставленные счета на юр. Услуги | F21: 3 | G21: 100000
A22: Ранее выставленные счета на экзамен | F22: 1 | G22: 42000
A23: Счета на вступления | B23: 5 | D23: 5 | H23: 5
A24: Вступления | B24: 5 | D24: 4 | H24: 5
A25: Итог: | B25: =SUM(B19:B20) -> 7 | C25: =SUM(C19:C20) -> 334000 | D25: =SUM(D19:D20) -> 29 | E25: =SUM(E19:E20) -> 2114000 | F25: =SUM(F19:F22) -> 16 | G25: =SUM(G19:G22) -> 979000 | H25: =SUM(H19:H20) -> 5 | I25: 234000
A27: Юридический отдел
A28: Наименование | B28: Факт с 25.05-31.05.2026
A29: Сумма ЧВ у приставов действ | B29: 2744400
A30: Сумма ЧВ в суде действ | B30: 5113200
A31: Сумма ЧВ у приставов искл | B31: 7207700
A32: Сумма ЧВ в суде искл | B32: 3842000
A33: Поступления по СД искл | B33: 148610.66
A34: Поступление по СД действ | B34: 50000
A35: Итого в суде | B35: 18907300
A37: Юрлидер
A38: Наименование | B38: План на | C38: 25.05.2026 | D38: Факт на | E38: 25.05-31.05.2026 | F38: Поступление на | G38: 25.05-31.05.20262 | H38: План на | I38: 01.06.2026
B39: Колличество | C39: Сумма | D39: Колличество | E39: Сумма | F39: Колличество | G39: Сумма | H39: Колличество | I39: Сумма
A40: Выставленные счета на юр. Услугам | B40: 9 | C40: 390000 | D40: 7 | E40: 270000 | F40: 7 | G40: 270000 | H40: 10 | I40: 360000
A41: Ранее выставленные счета на юр. Услуги | F41: 12 | G41: 575000
A42: Счета на вступления | B42: 2 | D42: 4 | H42: 2
A43: Вступления | B43: 2 | D43: 1 | H43: 2
A44: Итог: | B44: =SUM(B40) -> 9 | C44: =SUM(C40) -> 390000 | D44: =SUM(D40) -> 7 | E44: =SUM(E40) -> 270000 | F44: =SUM(F40:F41) -> 19 | G44: =SUM(G40:G41) -> 845000 | H44: =SUM(H40) -> 10 | I44: =SUM(I40) -> 360000
A46: Барановская
A47: Наименование | B47: Факт с 25.05-31.05.2026
A48: Счета на юридические услуги | B48: 0
A49: Поступления по юр. Услугам | B49: 0

Sheet 23 неделя
A1: 23 неделя с 01.06 по 07.06.2026
A2: ОРС | M2: Факт
A3: Ростов | B3: Осталось собрать на 01.06 | C3: Факт с 01.06-07.06.2026 | D3: Осталось собрать на 08.06.2026 | K3: Менеджеры | L3: Счета Юр.услуги | M3: Счета Вступления | N3: Сбор Юр.услуги | O3: Кол-во вступлений
A4: Начислено за квартал | B4: =Таблица81465714917607082838896[[#This Row],[Осталось собрать на 27.04]] -> 24924000 | K4: Наташа | L4: 7 | M4: 0 | N4: 320000 | O4: 0
A5: Переплата за квартал | B5: =Таблица81465714917607082838896[[#This Row],[Осталось собрать на 27.04]] -> 3016300 | K5: Ира | L5: 2 | M5: 1 | N5: 315000 | O5: 1
A6: План сбора за квартал | B6: =Таблица814657149176070828388110101118[[#This Row],[Осталось собрать на 01.06.2026]] -> 9808600 | C6: 361000 | D6: =Таблица814657149176070828388110101118101115[[#This Row],[Осталось собрать на 01.06 ]]-Таблица814657149176070828388110101118101115[[#This Row],[Факт с 01.06-07.06.2026]] -> 9447600 | K6: Таня | L6: 5 | M6: 1 | N6: 15000 | O6: 1
A7: Долг действующие | B7: =Таблица814657149176070828388110101118[[#This Row],[Осталось собрать на 01.06.2026]] -> 15810273 | C7: 60000 | D7: =Таблица814657149176070828388110101118101115[[#This Row],[Осталось собрать на 01.06 ]]-Таблица814657149176070828388110101118101115[[#This Row],[Факт с 01.06-07.06.2026]] -> 15750273 | K7: Роман | L7: 4 | M7: 0 | N7: 130000 | O7: 0
A8: Долг исключенные | B8: =Таблица814657149176070828388110101118[[#This Row],[Осталось собрать на 01.06.2026]] -> 13562184 | C8: 238000 | D8: =Таблица814657149176070828388110101118101115[[#This Row],[Осталось собрать на 01.06 ]]-Таблица814657149176070828388110101118101115[[#This Row],[Факт с 01.06-07.06.2026]] -> 13324184 | K8: Давид | L8: 0 | M8: 1 | N8: 0 | O8: 0
A9: Сбор ЧВ по вступившим в этом квартале | B9: =Таблица814657149176070828388110101118[[#This Row],[Осталось собрать на 01.06.2026]] -> 1590000 | C9: 120000 | D9: =Таблица814657149176070828388110101118101115[[#This Row],[Осталось собрать на 01.06 ]]+Таблица814657149176070828388110101118101115[[#This Row],[Факт с 01.06-07.06.2026]] -> 1710000 | K9: Итого: | L9: =SUM(L4:L8) -> 18 | M9: =SUM(M4:M8) -> 3 | N9: =SUM(N4:N8) -> 780000 | O9: =SUM(O4:O8) -> 2
A10: Переплата | C10: 160000
A11: Сумма ЧВ у пристовов | C11: =B29+B31 -> 9724100 | M11: План
A12: Сумма ЧВ в суде | C12: =B30+B32 -> 8846700 | K12: Менеджеры | L12: Счета Юр.услуги | M12: Счета Вступления | N12: Сбор Юр.услуги | O12: Кол-во вступлений
A13: Поступление от судебной деятельности | C13: =B33+B34 -> 336500 | K13: Наташа | L13: 5 | M13: 0 | N13: 100000 | O13: 0
A14: Итого: | B14: =Таблица814657149176070828388110101118[[#This Row],[Осталось собрать на 01.06.2026]] -> 39181058 | C14: =SUM(C6:C10) -> 939000 | D14: =SUM(D6:D8) -> 38522058 | K14: Ира | L14: 1 | M14: 1 | N14: 50000 | O14: 1
K15: Таня | L15: 5 | M15: 1 | N15: 50000 | O15: 1
A16: Бизнес-групп | K16: Роман | L16: 2 | M16: 0 | N16: 70000 | O16: 0
A17: Наименование | B17: План на | C17: 01.06.2026 | D17: Факт на | E17: 01.06-07.06.2026 | F17: Поступление на | G17: 01.06-07.06.20262 | H17: План на | I17: 08.06.2026 | K17: Давид | L17: 2 | M17: 1 | N17: 110000 | O17: 1
B18: Колличество | C18: Сумма | D18: Колличество | E18: Сумма | F18: Колличество | G18: Сумма | H18: Колличество | I18: Сумма | K18: Итого: | L18: =SUM(L13:L17) -> 15 | M18: =SUM(M13:M17) -> 3 | N18: =SUM(N13:N17) -> 380000 | O18: =SUM(O13:O17) -> 3
A19: Выставленные счета на юр. Услугам | B19: =Таблица121[[#This Row],[План на]] -> 3 | C19: =Таблица121[[#This Row],[01.06.2026]] -> 150000 | D19: 12 | E19: 645000 | F19: 9 | G19: 455000 | H19: 8 | I19: 400000
A20: Выставленные счета на прохождение экзамена | B20: =Таблица121[[#This Row],[План на]] -> 2 | C20: =Таблица121[[#This Row],[01.06.2026]] -> 84000 | D20: 1 | E20: 42000 | F20: 1 | G20: 42000 | H20: 2 | I20: 84000
A21: Ранее выставленные счета на юр. Услуги | F21: 4 | G21: 194450
A22: Ранее выставленные счета на экзамен | F22: 1 | G22: 245000
A23: Счета на вступления | B23: =Таблица121[[#This Row],[План на]] -> 5 | D23: 5 | H23: 5
A24: Вступления | B24: =Таблица121[[#This Row],[План на]] -> 5 | D24: 4 | H24: 4
A25: Итог: | B25: =SUM(B19:B20) -> 5 | C25: =SUM(C19:C20) -> 234000 | D25: =SUM(D19:D20) -> 13 | E25: =SUM(E19:E20) -> 687000 | F25: =SUM(F19:F22) -> 15 | G25: =SUM(G19:G22) -> 936450 | H25: =SUM(H19:H20) -> 10 | I25: =SUM(I19:I20) -> 484000
A27: Юридический отдел
A28: Наименование | B28: Факт с 01.06-07.06.2026
A29: Сумма ЧВ у приставов действ | B29: 2744400
A30: Сумма ЧВ в суде действ | B30: 5004700
A31: Сумма ЧВ у приставов искл | B31: 6979700
A32: Сумма ЧВ в суде искл | B32: 3842000
A33: Поступления по СД искл | B33: 228000
A34: Поступление по СД действ | B34: 108500
A35: Итого в суде | B35: 18907300
A37: Юрлидер
A38: Наименование | B38: План на | C38: 01.06.2026 | D38: Факт на | E38: 01.06-07.06.2026 | F38: Поступление на | G38: 01.06-07.06.20262 | H38: План на | I38: 08.06.2026
B39: Колличество | C39: Сумма | D39: Колличество | E39: Сумма | F39: Колличество | G39: Сумма | H39: Колличество | I39: Сумма
A40: Выставленные счета на юр. Услугам | B40: =Таблица104[[#This Row],[План на]] -> 10 | C40: =Таблица104[[#This Row],[01.06.2026]] -> 360000 | D40: 21 | E40: 890000 | F40: 8 | G40: 270000 | H40: 15 | I40: 380000
A41: Ранее выставленные счета на юр. Услуги | F41: 12 | G41: 475000
A42: Счета на вступления | B42: =Таблица104[[#This Row],[План на]] -> 2 | D42: 3 | H42: 3
A43: Вступления | B43: =Таблица104[[#This Row],[План на]] -> 2 | D43: 2 | H43: 3
A44: Итог: | B44: =SUM(B40) -> 10 | C44: =SUM(C40) -> 360000 | D44: =SUM(D40) -> 21 | E44: =SUM(E40) -> 890000 | F44: =SUM(F40:F41) -> 20 | G44: =SUM(G40:G41) -> 745000 | H44: =SUM(H40) -> 15 | I44: =SUM(I40) -> 380000
A46: Барановская
A47: Наименование | B47: Факт с 01.06-07.06.2026
A48: Счета на юридические услуги | B48: 1
A49: Поступления по юр. Услугам | B49: 30000

Sheet 24 неделя
A1: 24 неделя с 08.06 по 14.06.2026
A2: ОРС | M2: Факт
A3: Ростов | B3: Осталось собрать на 08.06 | C3: Факт с 08.06-14.06.2026 | D3: Осталось собрать на 15.06.2026 | K3: Менеджеры | L3: Счета Юр.услуги | M3: Счета Вступления | N3: Сбор Юр.услуги | O3: Кол-во вступлений
A4: Начислено за квартал | B4: 24924000 | K4: Наташа
A5: Переплата за квартал | B5: 3016300 | K5: Ира | M5: 1 | N5: 0 | O5: 0
A6: План сбора за квартал | B6: =Таблица814657149176070828388110101118101115[[#This Row],[Осталось собрать на 08.06.2026]] -> 9447600 | C6: 658000 | D6: =Таблица814657149176070828388110101118101115147[[#This Row],[Осталось собрать на 08.06 ]]-Таблица814657149176070828388110101118101115147[[#This Row],[Факт с 08.06-14.06.2026]] -> 8789600 | K6: Таня
A7: Долг действующие | B7: =Таблица814657149176070828388110101118101115[[#This Row],[Осталось собрать на 08.06.2026]] -> 15750273 | C7: 0 | D7: =Таблица814657149176070828388110101118101115147[[#This Row],[Осталось собрать на 08.06 ]]-Таблица814657149176070828388110101118101115147[[#This Row],[Факт с 08.06-14.06.2026]] -> 15750273 | K7: Роман
A8: Долг исключенные | B8: =Таблица814657149176070828388110101118101115[[#This Row],[Осталось собрать на 08.06.2026]] -> 13324184 | C8: 0 | D8: =Таблица814657149176070828388110101118101115147[[#This Row],[Осталось собрать на 08.06 ]]-Таблица814657149176070828388110101118101115147[[#This Row],[Факт с 08.06-14.06.2026]] -> 13324184 | K8: Давид | L8: 0 | M8: 0 | N8: 50000 | O8: 0
A9: Сбор ЧВ по вступившим в этом квартале | B9: =Таблица814657149176070828388110101118101115[[#This Row],[Осталось собрать на 08.06.2026]] -> 1710000 | C9: 150000 | D9: =Таблица814657149176070828388110101118101115147[[#This Row],[Осталось собрать на 08.06 ]]+Таблица814657149176070828388110101118101115147[[#This Row],[Факт с 08.06-14.06.2026]] -> 1860000 | K9: Итого:
A10: Переплата | C10: 170000
A11: Сумма ЧВ у пристовов | C11: =B29+B31 -> 9724100 | M11: План
A12: Сумма ЧВ в суде | C12: =B30+B32 -> 8846700 | K12: Менеджеры | L12: Счета Юр.услуги | M12: Счета Вступления | N12: Сбор Юр.услуги | O12: Кол-во вступлений | P12: Столбец1
A13: Поступление от судебной деятельности | C13: =B33+B34 -> 0 | K13: Наташа | L13: 10 | M13: 1 | N13: 150000 | O13: 0
A14: Итого: | B14: =Таблица814657149176070828388110101118101115[[#This Row],[Осталось собрать на 08.06.2026]] -> 38522058 | C14: =SUM(C6:C10) -> 978000 | D14: =E21+SUM(D6:D8) -> 37864058 | K14: Ира | L14: 1 | M14: 1 | N14: 100000 | O14: 1
K15: Таня | L15: 0 | M15: 0 | N15: 0 | O15: 0 | P15: отпуск
A16: Бизнес-групп | K16: Роман | L16: 2 | M16: 0 | N16: 80000 | O16: 0
A17: Наименование | B17: План на | C17: 08.06.20262 | D17: Факт на | E17: 08.06-14.06.2026 | F17: Поступление на | G17: 08.06-14.06.2026 | H17: План на | I17: 15.06.2026 | K17: Давид | L17: 19 | M17: 1 | N17: 130000 | O17: 0
B18: Колличество | C18: Сумма | D18: Колличество | E18: Сумма | F18: Колличество | G18: Сумма | H18: Колличество | I18: Сумма | K18: Итого: | L18: =SUM(L13:L17) -> 32 | M18: =SUM(M13:M17) -> 3 | N18: =SUM(N13:N17) -> 460000 | O18: =SUM(O13:O17) -> 1
A19: Выставленные счета на юр. Услугам | B19: =Таблица121106117[[#This Row],[План на]] -> 8 | C19: =Таблица121106117[[#This Row],[08.06.2026]] -> 400000 | D19: 4 | E19: 170000 | F19: 1 | G19: 40000 | H19: 4 | I19: 200000
A20: Выставленные счета на прохождение экзамена | B20: =Таблица121106117[[#This Row],[План на]] -> 2 | C20: =Таблица121106117[[#This Row],[08.06.2026]] -> 84000 | D20: 2 | E20: 84000 | F20: 0 | G20: 0 | H20: 2 | I20: 84000
A21: Ранее выставленные счета на юр. Услуги
A22: Ранее выставленные счета на экзамен
A23: Счета на вступления | B23: 5 | D23: 3 | H23: 4
A24: Вступления | B24: 4 | D24: 4 | H24: 4
A25: Итог: | B25: =Таблица121106117[[#This Row],[План на]] -> 10 | C25: =Таблица121106117[[#This Row],[08.06.2026]] -> 484000 | D25: =SUM(D19:D20) -> 6 | E25: =SUM(E19:E20) -> 254000 | F25: =SUM(F19:F20) -> 1 | G25: =SUM(G19:G20) -> 40000 | H25: =SUM(H19:H20) -> 6 | I25: =SUM(I19:I20) -> 284000
A27: Юридический отдел
A28: Наименование | B28: Факт с 08.06-14.06.2026
A29: Сумма ЧВ у приставов действ | B29: 2744400
A30: Сумма ЧВ в суде действ | B30: 5004700
A31: Сумма ЧВ у приставов искл | B31: 6979700
A32: Сумма ЧВ в суде искл | B32: 3842000
A33: Поступления по СД искл | B33: 0
A34: Поступление по СД действ | B34: 0
A35: Итого в суде | B35: 18570800
A37: Юрлидер
A38: Наименование | B38: План на | C38: 08.06.20262 | D38: Факт на | E38: 08.06-14.06.2026 | F38: Поступление на | G38: 08.06-14.06.2026 | H38: План на | I38: 15.06.2026
B39: Колличество | C39: Сумма | D39: Колличество | E39: Сумма | F39: Колличество | G39: Сумма | H39: Колличество | I39: Сумма
A40: Выставленные счета на юр. Услугам | B40: =Таблица104112121[[#This Row],[План на]] -> 15 | C40: =Таблица104112121[[#This Row],[08.06.2026]] -> 380000 | D40: 9 | E40: 355000 | F40: 5 | G40: 215000 | H40: 32 | I40: 460000
A41: Ранее выставленные счета на юр. Услуги
A42: Счета на вступления | B42: =Таблица104112121[[#This Row],[План на]] -> 3 | D42: 2 | H42: 3
A43: Вступления | B43: =Таблица104112121[[#This Row],[План на]] -> 3 | D43: 1 | H43: 1
A44: Итог: | B44: =Таблица104112121[[#This Row],[План на]] -> 15 | C44: =Таблица104112121[[#This Row],[08.06.2026]] -> 380000 | D44: =SUM(D40) -> 9 | E44: =SUM(E40) -> 355000 | F44: =SUM(F40) -> 5 | G44: =SUM(G40) -> 215000 | H44: =SUM(H40) -> 32 | I44: =SUM(I40) -> 460000
A46: Барановская
A47: Наименование | B47: Факт с 08.06-14.06.2026
A48: Счета на юридические услуги | B48: 0
A49: Поступления по юр. Услугам | B49: 0

Sheet 25 неделя
A1: 25 неделя с 15.06 по 21.06.2026
A2: ОРС | M2: Факт
A3: Ростов | B3: Осталось собрать на 15.06 | C3: Факт с 15.06-21.06.2026 | D3: Осталось собрать на 22.06.2026 | K3: Менеджеры | L3: Счета Юр.услуги | M3: Счета Вступления | N3: Сбор Юр.услуги | O3: Кол-во вступлений
A4: Начислено за квартал | B4: 24924000 | K4: Наташа | M4: 4 | O4: 2
A5: Переплата за квартал | B5: 3016300 | K5: Ира
A6: План сбора за квартал | B6: =Таблица814657149176070828388110101118101115147[[#This Row],[Осталось собрать на 15.06.2026]] -> 8789600 | C6: 519044.2 | D6: =Таблица814657149176070828388110101118101110[[#This Row],[Осталось собрать на 15.06 ]]-Таблица814657149176070828388110101118101110[[#This Row],[Факт с 15.06-21.06.2026]] -> 8270555.8 | K6: Таня
A7: Долг действующие | B7: =Таблица814657149176070828388110101118101115147[[#This Row],[Осталось собрать на 15.06.2026]] -> 15750273 | C7: 120000 | D7: =Таблица814657149176070828388110101118101110[[#This Row],[Осталось собрать на 15.06 ]]-Таблица814657149176070828388110101118101110[[#This Row],[Факт с 15.06-21.06.2026]] -> 15630273 | K7: Роман | M7: 0 | O7: 1
A8: Долг исключенные | B8: =Таблица814657149176070828388110101118101115147[[#This Row],[Осталось собрать на 15.06.2026]] -> 13324184 | C8: 0 | D8: =Таблица814657149176070828388110101118101110[[#This Row],[Осталось собрать на 15.06 ]]-Таблица814657149176070828388110101118101110[[#This Row],[Факт с 15.06-21.06.2026]] -> 13324184 | K8: Давид | M8: 1 | O8: 0
A9: Сбор ЧВ по вступившим в этом квартале | B9: =Таблица814657149176070828388110101118101115147[[#This Row],[Осталось собрать на 15.06.2026]] -> 1860000 | C9: 150000 | D9: =Таблица814657149176070828388110101118101110[[#This Row],[Осталось собрать на 15.06 ]]+Таблица814657149176070828388110101118101110[[#This Row],[Факт с 15.06-21.06.2026]] -> 2010000 | K9: Итого: | M9: =SUM(M4:M8) -> 5 | O9: =SUM(O4:O8) -> 3
A10: Переплата | C10: 210000
A11: Сумма ЧВ у пристовов | C11: =SUM(B29,B31) -> 10578600 | M11: План
A12: Сумма ЧВ в суде | C12: =SUM(B30,B32) -> 7373600 | K12: Менеджеры | L12: Счета Юр.услуги | M12: Счета Вступления | N12: Сбор Юр.услуги | O12: Кол-во вступлений
A13: Поступление от судебной деятельности | C13: =SUM(B33,B34) -> 140544.2 | K13: Наташа | L13: 6 | M13: 1 | N13: 150000 | O13: 0
A14: Итого: | B14: =Таблица814657149176070828388110101118101115147[[#This Row],[Осталось собрать на 15.06.2026]] -> 37864058 | C14: =SUM(C6:C10) -> 999044.2 | D14: =SUM(D6:D8) -> 37225013 | K14: Ира
K15: Таня
A16: Бизнес-групп | K16: Роман | L16: 2 | M16: 0 | N16: 80000 | O16: 0
A17: Наименование | B17: План на | C17: 15.06.2026 | D17: Факт на | E17: 15.06-21.06.2026 | F17: Поступление на | G17: 15.06-21.06.2026 | H17: План на | I17: 22.06.2026 | K17: Давид | L17: 1 | M17: 0 | N17: 60000 | O17: 1
B18: Колличество | C18: Сумма | D18: Колличество | E18: Сумма | F18: Колличество | G18: Сумма | H18: Колличество | I18: Сумма | K18: Итого: | L18: =SUM(L13:L17) -> 9 | M18: =SUM(M13:M17) -> 1 | N18: =SUM(N13:N17) -> 290000 | O18: =SUM(O13:O17) -> 1
A19: Выставленные счета на юр. Услугам | B19: =Таблица121106117149[[#This Row],[План на]] -> 4 | C19: =Таблица121106117149[[#This Row],[15.06.2026]] -> 200000 | D19: 11 | E19: 915000 | F19: 9 | G19: 615000 | H19: 15 | I19: 1000000
A20: Выставленные счета на прохождение экзамена | B20: =Таблица121106117149[[#This Row],[План на]] -> 2 | C20: =Таблица121106117149[[#This Row],[15.06.2026]] -> 84000 | D20: 2 | E20: 84000 | F20: 2 | G20: 84000 | H20: 2 | I20: 84000
A21: Ранее выставленные счета на юр. Услуги | F21: 1 | G21: 60000
A22: Ранее выставленные счета на экзамен
A23: Счета на вступления | B23: =Таблица121106117149[[#This Row],[План на]] -> 4 | D23: 11 | H23: 10
A24: Вступления | B24: =Таблица121106117149[[#This Row],[План на]] -> 4 | D24: 3 | H24: 4
A25: Итог: | B25: =Таблица121106117149[[#This Row],[План на]] -> 6 | C25: =Таблица121106117149[[#This Row],[15.06.2026]] -> 284000 | D25: =SUM(D19:D20) -> 13 | E25: =SUM(E19:E20) -> 999000 | F25: =SUM(F19:F21) -> 12 | G25: =SUM(G19:G21) -> 759000 | H25: =SUM(H19:H20) -> 17 | I25: =SUM(I19:I20) -> 1084000
A27: Юридический отдел
A28: Наименование | B28: Факт с 15.06-21.06.2026
A29: Сумма ЧВ у приставов действ | B29: 2830200
A30: Сумма ЧВ в суде действ | B30: 4831700
A31: Сумма ЧВ у приставов искл | B31: 7748400
A32: Сумма ЧВ в суде искл | B32: 2541900
A33: Поступления по СД искл | B33: 0
A34: Поступление по СД действ | B34: 140544.2
A35: Итого в суде | B35: 18092744
A37: Юрлидер
A38: Наименование | B38: План на | C38: 15.06.2026 | D38: Факт на | E38: 15.06-21.06.2026 | F38: Поступление на | G38: 15.06-21.06.2026 | H38: План на | I38: 22.06.2026
B39: Колличество | C39: Сумма | D39: Колличество | E39: Сумма | F39: Колличество | G39: Сумма | H39: Колличество | I39: Сумма
A40: Выставленные счета на юр. Услугам | B40: =Таблица104112121151[[#This Row],[План на]] -> 32 | C40: =Таблица104112121151[[#This Row],[15.06.2026]] -> 460000 | D40: 44 | E40: 2105000 | F40: 17 | G40: 670000 | H40: 9 | I40: 290000
A41: Ранее выставленные счета на юр. Услуги | F41: 9 | G41: 410000
A42: Счета на вступления | B42: =Таблица104112121151[[#This Row],[План на]] -> 3 | D42: 5 | H42: 1
A43: Вступления | B43: =Таблица104112121151[[#This Row],[План на]] -> 1 | D43: 3 | H43: 1
A44: Итог: | B44: =Таблица104112121151[[#This Row],[План на]] -> 32 | C44: =Таблица104112121151[[#This Row],[15.06.2026]] -> 460000 | D44: =SUM(D40) -> 44 | E44: =SUM(E40) -> 2105000 | F44: =SUM(F40:F41) -> 26 | G44: =SUM(G40:G41) -> 1080000 | H44: =SUM(H40) -> 9 | I44: =SUM(I40) -> 290000
A46: Барановская
A47: Наименование | B47: Факт с 15.06-21.06.2026
A48: Счета на юридические услуги | B48: 2
A49: Поступления по юр. Услугам | B49: 70000

Sheet 26 неделя
A1: 26 неделя с 22.06 по 28.06.2026
A2: ОРС | M2: Факт
A3: Ростов | B3: Осталось собрать на 22.06 | C3: Факт с 22.06-28.06.2026 | D3: Осталось собрать на 29.06.2026 | K3: Менеджеры | L3: Счета Юр.услуги | M3: Счета Вступления | N3: Сбор Юр.услуги | O3: Кол-во вступлений
A4: Начислено за квартал | B4: =Таблица814657149176070828388110101118101110[[#This Row],[Осталось собрать на 15.06 ]] -> 24924000 | K4: Наташа | L4: 9 | M4: 1 | O4: 1
A5: Переплата за квартал | B5: =Таблица814657149176070828388110101118101110[[#This Row],[Осталось собрать на 15.06 ]] -> 3016300 | K5: Ира
A6: План сбора за квартал | B6: =Таблица814657149176070828388110101118101110[[#This Row],[Осталось собрать на 15.06 ]] -> 8789600 | C6: 981100 | D6: =Таблица814657149176070828388110101118101109[[#This Row],[Осталось собрать на 22.06 ]]-Таблица814657149176070828388110101118101109[[#This Row],[Факт с 22.06-28.06.2026]] -> 7808500 | K6: Таня | L6: 2 | M6: 0 | O6: 0
A7: Долг действующие | B7: =Таблица814657149176070828388110101118101110[[#This Row],[Осталось собрать на 15.06 ]] -> 15750273 | C7: 224139 | D7: =Таблица814657149176070828388110101118101109[[#This Row],[Осталось собрать на 22.06 ]]-Таблица814657149176070828388110101118101109[[#This Row],[Факт с 22.06-28.06.2026]] -> 15526134 | K7: Роман | L7: 4 | M7: 0 | O7: 0
A8: Долг исключенные | B8: =Таблица814657149176070828388110101118101110[[#This Row],[Осталось собрать на 15.06 ]] -> 13324184 | C8: 634000 | D8: =Таблица814657149176070828388110101118101109[[#This Row],[Осталось собрать на 22.06 ]]-Таблица814657149176070828388110101118101109[[#This Row],[Факт с 22.06-28.06.2026]] -> 12690184 | K8: Давид | L8: 1 | M8: 1 | O8: 0
A9: Сбор ЧВ по вступившим в этом квартале | B9: =Таблица814657149176070828388110101118101110[[#This Row],[Осталось собрать на 22.06.2026]] -> 2010000 | C9: 210000 | D9: =Таблица814657149176070828388110101118101109[[#This Row],[Осталось собрать на 22.06 ]]+Таблица814657149176070828388110101118101109[[#This Row],[Факт с 22.06-28.06.2026]] -> 2220000 | K9: Итого: | L9: =SUM(L4:L8) -> 16 | M9: =SUM(M4:M8) -> 2 | N9: =SUM(N4:N8) -> 0 | O9: =SUM(O4:O8) -> 1
A10: Переплата | C10: 368455.8
A11: Сумма ЧВ у пристовов | C11: =SUM(B29,B31) -> 9857919 | M11: План
A12: Сумма ЧВ в суде | C12: =SUM(B30,B32) -> 7283600 | K12: Менеджеры | L12: Счета Юр.услуги | M12: Счета Вступления | N12: Сбор Юр.услуги | O12: Кол-во вступлений
A13: Поступление от судебной деятельности | C13: =SUM(B33:B34) -> 810681 | K13: Наташа | L13: 4 | M13: 0 | N13: 150000 | O13: 0
A14: Итого: | B14: =Таблица814657149176070828388110101118101110[[#This Row],[Осталось собрать на 22.06.2026]] -> 37225013 | C14: =SUM(C6:C10) -> 2417694.8 | D14: =SUM(D6:D8) -> 36024819 | K14: Ира
K15: Таня | L15: 4 | M15: 1 | N15: 45000 | O15: 1
A16: Бизнес-групп | K16: Роман | L16: 1 | M16: 0 | N16: 45000 | O16: 0
A17: Наименование | B17: План на | C17: 22.06.20262 | D17: Факт на | E17: 22.06-28.06.2026 | F17: Поступление на | G17: 22.06-28.06.2026 | H17: План на | I17: 29.06.2026 | K17: Давид | L17: 1 | M17: 0 | N17: 45000 | O17: 1
B18: Колличество | C18: Сумма | D18: Колличество | E18: Сумма | F18: Колличество | G18: Сумма | H18: Колличество | I18: Сумма | K18: Итого: | L18: =SUM(L13:L17) -> 10 | M18: =SUM(M13:M17) -> 1 | N18: =SUM(N13:N17) -> 285000 | O18: =SUM(O13:O17) -> 2
A19: Выставленные счета на юр. Услугам | B19: =Таблица121106129[[#This Row],[План на]] -> 15 | C19: =Таблица121106129[[#This Row],[22.06.2026]] -> 1000000 | D19: 44 | E19: 3415000 | F19: 18 | G19: 1160000 | H19: 13 | I19: 650000
A20: Выставленные счета на прохождение экзамена | B20: =Таблица121106129[[#This Row],[План на]] -> 2 | C20: =Таблица121106129[[#This Row],[22.06.2026]] -> 84000 | D20: 3 | E20: 126000 | F20: 2 | G20: 168000 | H20: 2 | I20: 84000
A21: Ранее выставленные счета на юр. Услуги | F21: 3 | G21: 80000
A22: Ранее выставленные счета на экзамен
A23: Счета на вступления | B23: =Таблица121106129[[#This Row],[План на]] -> 10 | D23: 5 | H23: 6
A24: Вступления | B24: =Таблица121106129[[#This Row],[План на]] -> 4 | D24: 7 | H24: 5
A25: Итог: | B25: =Таблица121106129[[#This Row],[План на]] -> 17 | C25: =Таблица121106129[[#This Row],[22.06.2026]] -> 1084000 | D25: =SUM(D19:D20) -> 47 | E25: =SUM(E19:E20) -> 3541000 | F25: =SUM(F19:F21) -> 23 | G25: =SUM(G19:G21) -> 1408000 | H25: =SUM(H19:H20) -> 15 | I25: =SUM(I19:I20) -> 734000
A27: Юридический отдел
A28: Наименование | B28: Факт с 22.06-28.06.2026
A29: Сумма ЧВ у приставов действ | B29: 2613792
A30: Сумма ЧВ в суде действ | B30: 4741700
A31: Сумма ЧВ у приставов искл | B31: 7244127
A32: Сумма ЧВ в суде искл | B32: 2541900
A33: Поступления по СД искл | B33: 504273
A34: Поступление по СД действ | B34: 306408
A35: Итого в суде | B35: 17141519
A37: Юрлидер
A38: Наименование | B38: План на | C38: 22.06.2026 | D38: Факт на | E38: 22.06-28.06.2026 | F38: Поступление на | G38: 22.06-28.06.2026 | H38: План на | I38: 29.06.2026
B39: Колличество | C39: Сумма | D39: Колличество | E39: Сумма | F39: Колличество | G39: Сумма | H39: Колличество | I39: Сумма
A40: Выставленные счета на юр. Услугам | B40: =Таблица104112131[[#This Row],[План на]] -> 9 | C40: =Таблица104112131[[#This Row],[22.06.2026]] -> 290000 | D40: 22 | E40: 1120000 | F40: 8 | G40: 405000 | H40: 10 | I40: 285000
A41: Ранее выставленные счета на юр. Услуги | F41: 7 | G41: 285000
A42: Счета на вступления | B42: =Таблица104112131[[#This Row],[План на]] -> 1 | D42: 2 | H42: 1
A43: Вступления | B43: =Таблица104112131[[#This Row],[План на]] -> 1 | D43: 1 | H43: 2
A44: Итог: | B44: =Таблица104112131[[#This Row],[План на]] -> 9 | C44: =Таблица104112131[[#This Row],[22.06.2026]] -> 290000 | D44: =SUM(D40) -> 22 | E44: =SUM(E40) -> 1120000 | F44: =SUM(F40:F41) -> 15 | G44: =SUM(G40:G41) -> 690000 | H44: =SUM(H40) -> 10 | I44: =SUM(N18) -> 285000
A46: Барановская
A47: Наименование | B47: Факт с 22.06-28.06.2026
A48: Счета на юридические услуги | B48: 0
A49: Поступления по юр. Услугам | B49: 0

Sheet 27 неделю
A1: 27 неделя с 29.06 по 05.07.2026
A2: ОРС | M2: Факт
A3: Ростов | B3: Осталось собрать на 29.06 | C3: Факт с 29.06-05.07.2026 | D3: Осталось собрать на 06.07.2026 | K3: Менеджеры | L3: Счета Юр.услуги | M3: Счета Вступления | N3: Сбор Юр.услуги | O3: Кол-во вступлений
A4: Начислено за квартал | B4: 24966000 | K4: Наташа | L4: 3 | M4: 5 | O4: 3
A5: Переплата за квартал | B5: 3131000 | K5: Ира | L5: 0 | M5: 2 | O5: 1
A6: План сбора за квартал | B6: 21850000 | C6: 842000 | D6: =Таблица814657149176070828388110101118101140[[#This Row],[Осталось собрать на 29.06]]-Таблица814657149176070828388110101118101140[[#This Row],[Факт с 29.06-05.07.2026]] -> 21008000 | K6: Таня | L6: 3 | M6: 1 | O6: 1
A7: Долг действующие | B7: 15233861 | C7: 511000 | D7: =Таблица814657149176070828388110101118101140[[#This Row],[Осталось собрать на 29.06]]-Таблица814657149176070828388110101118101140[[#This Row],[Факт с 29.06-05.07.2026]] -> 14722861 | K7: Роман | L7: 0 | M7: 0 | O7: 0
A8: Долг исключенные | B8: 17643744 | C8: 20003.66 | D8: =Таблица814657149176070828388110101118101140[[#This Row],[Осталось собрать на 29.06]]-Таблица814657149176070828388110101118101140[[#This Row],[Факт с 29.06-05.07.2026]] -> 17623740 | K8: Давид | L8: 1 | M8: 0 | O8: 0
A9: Сбор ЧВ по вступившим в этом квартале | B9: =Таблица814657149176070828388110101118101109[[#This Row],[Осталось собрать на 29.06.2026]] -> 2220000 | C9: 300000 | D9: =Таблица814657149176070828388110101118101140[[#This Row],[Осталось собрать на 29.06]]+Таблица814657149176070828388110101118101140[[#This Row],[Факт с 29.06-05.07.2026]] -> 2520000 | K9: Итого: | L9: =SUM(L4:L8) -> 7 | M9: =SUM(M4:M8) -> 8 | N9: =SUM(N4:N8) -> 0 | O9: =SUM(O4:O8) -> 5
A10: Переплата | C10: 310000
A11: Сумма ЧВ у пристовов | C11: =B29+B31 -> 9543919 | M11: План
A12: Сумма ЧВ в суде | C12: =B30+B32 -> 7283600 | K12: Менеджеры | L12: Счета Юр.услуги | M12: Счета Вступления | N12: Сбор Юр.услуги | O12: Кол-во вступлений
A13: Поступление от судебной деятельности | C13: =SUM(B33,B34) -> 314000 | K13: Наташа | L13: 3 | M13: 0 | N13: 150000 | O13: 2
A14: Итого: | B14: =SUM(B6:B8) -> 54727605 | C14: =SUM(C6:C10) -> 1983003.7 | D14: =SUM(D6:D8) -> 53354601 | K14: Ира | L14: 2 | M14: 1 | N14: 50000 | O14: 1
K15: Таня | L15: 3 | M15: 1 | N15: 50000 | O15: 1
A16: Бизнес-групп | K16: Роман | L16: 1 | M16: 0 | N16: 80000 | O16: 0
A17: Наименование | B17: План на | C17: 29.06.2026 | D17: Факт на | E17: 29.06-05.07.2026 | F17: Поступление на | G17: 29.06-05.07.2026 | H17: План на | I17: 06.07.2026 | K17: Давид | L17: 1 | M17: 0 | N17: 50000 | O17: 0
B18: Колличество | C18: Сумма | D18: Колличество | E18: Сумма | F18: Колличество | G18: Сумма | H18: Колличество | I18: Сумма | K18: Итого: | L18: =SUM(L13:L17) -> 10 | M18: =SUM(M13:M17) -> 2 | N18: =SUM(N13:N17) -> 380000 | O18: =SUM(O13:O17) -> 4
A19: Выставленные счета на юр. Услугам | B19: =Таблица121106135[[#This Row],[План на]] -> 13 | C19: =Таблица121106135[[#This Row],[29.06.2026]] -> 650000 | D19: 12 | E19: 737000 | F19: 10 | G19: 500000 | H19: 10 | I19: 667000
A20: Выставленные счета на прохождение экзамена | B20: =Таблица121106135[[#This Row],[План на]] -> 2 | C20: =Таблица121106135[[#This Row],[29.06.2026]] -> 84000 | D20: 2 | E20: 84000 | F20: 1 | G20: 205800 | H20: 2 | I20: 205800
A21: Ранее выставленные счета на юр. Услуги | F21: 12 | G21: 624450
A22: Ранее выставленные счета на экзамен
A23: Счета на вступления | B23: =Таблица121106135[[#This Row],[План на]] -> 6 | D23: 8 | H23: 7
A24: Вступления | B24: =Таблица121106135[[#This Row],[План на]] -> 5 | D24: 7 | H24: 6
A25: Итог: | B25: =Таблица121106135[[#This Row],[План на]] -> 15 | C25: =Таблица121106135[[#This Row],[29.06.2026]] -> 734000 | D25: =SUM(D19:D20) -> 14 | E25: =SUM(E19:E20) -> 821000 | F25: =SUM(F19:F20) -> 11 | G25: =SUM(G19:G21) -> 1330250 | H25: =SUM(H19:H20) -> 12 | I25: =SUM(I19:I21) -> 872800
A27: Юридический отдел
A28: Наименование | B28: Факт с 29.06-05.07.2026
A29: Сумма ЧВ у приставов действ | B29: 2523792
A30: Сумма ЧВ в суде действ | B30: 4741700
A31: Сумма ЧВ у приставов искл | B31: 7020127
A32: Сумма ЧВ в суде искл | B32: 2541900
A33: Поступления по СД искл | B33: 224000
A34: Поступление по СД действ | B34: 90000
A35: Итого в суде | B35: 16827519
A37: Юрлидер
A38: Наименование | B38: План на | C38: 29.06.2026 | D38: Факт на | E38: 29.06-05.07.2026 | F38: Поступление на | G38: 29.06-05.07.2026 | H38: План на | I38: 06.07.2026
B39: Колличество | C39: Сумма | D39: Колличество | E39: Сумма | F39: Колличество | G39: Сумма | H39: Колличество | I39: Сумма
A40: Выставленные счета на юр. Услугам | B40: =Таблица104112137[[#This Row],[План на]] -> 10 | C40: =Таблица104112137[[#This Row],[29.06.2026]] -> 285000 | D40: 10 | E40: 455000 | F40: 1 | G40: 5000 | H40: 10 | I40: 380000
A41: Ранее выставленные счета на юр. Услуги | F41: 7 | G41: 405000
A42: Счета на вступления | B42: =Таблица104112137[[#This Row],[План на]] -> 1 | H42: 2
A43: Вступления | B43: =Таблица104112137[[#This Row],[План на]] -> 2 | H43: 4
A44: Итог: | B44: =Таблица104112137[[#This Row],[План на]] -> 10 | C44: =Таблица104112137[[#This Row],[29.06.2026]] -> 285000 | D44: =SUM(D40:D41) -> 10 | E44: =SUM(E40:E41) -> 455000 | F44: =SUM(F40:F41) -> 8 | G44: =SUM(G40:G41) -> 410000 | H44: =SUM(H40:H41) -> 10 | I44: =SUM(I40:I41) -> 380000
A46: Барановская
A47: Наименование | B47: Факт с 29.06-05.07.2026
A48: Счета на юридические услуги | B48: 0
A49: Поступления по юр. Услугам | B49: 0

Sheet 28 неделя
A1: 28 неделя с 06.07 по 12.07.2026
A2: ОРС | M2: Факт
A3: Ростов | B3: Осталось собрать на 06.07 | C3: Факт с 06.07-12.07.2026 | D3: Осталось собрать на 13.07.2026 | K3: Менеджеры | L3: Счета Юр.услуги | M3: Счета Вступления | N3: Сбор Юр.услуги | O3: Кол-во вступлений
A4: Начислено за квартал | B4: 24966000 | K4: Наташа | L4: 3 | M4: 3 | O4: 4
A5: Переплата за квартал | B5: 3131000 | K5: Ира | L5: 3 | M5: 2 | O5: 2
A6: План сбора за квартал | B6: =Таблица814657149176070828388110101118101140[[#This Row],[Осталось собрать на 06.07.2026]] -> 21008000 | C6: 5646700 | D6: =Таблица814657149176070828388110101118101154[[#This Row],[Осталось собрать на 06.07 ]]-Таблица814657149176070828388110101118101154[[#This Row],[Факт с 06.07-12.07.2026]] -> 15361300 | K6: Таня | L6: 1 | M6: 1 | O6: 0
A7: Долг действующие | B7: =Таблица814657149176070828388110101118101140[[#This Row],[Осталось собрать на 06.07.2026]] -> 14722861 | C7: 861300 | D7: =Таблица814657149176070828388110101118101154[[#This Row],[Осталось собрать на 06.07 ]]-Таблица814657149176070828388110101118101154[[#This Row],[Факт с 06.07-12.07.2026]] -> 13861561 | K7: Роман | L7: 0 | M7: 0 | O7: 0
A8: Долг исключенные | B8: =Таблица814657149176070828388110101118101140[[#This Row],[Осталось собрать на 06.07.2026]] -> 17623740 | C8: 0 | D8: =Таблица814657149176070828388110101118101154[[#This Row],[Осталось собрать на 06.07 ]]-Таблица814657149176070828388110101118101154[[#This Row],[Факт с 06.07-12.07.2026]] -> 17623740 | K8: Давид | L8: 0 | M8: 1 | O8: 1
A9: Сбор ЧВ по вступившим в этом квартале | B9: =Таблица814657149176070828388110101118101140[[#This Row],[Осталось собрать на 06.07.2026]] -> 2520000 | C9: 135000 | D9: =Таблица814657149176070828388110101118101154[[#This Row],[Осталось собрать на 06.07 ]]+Таблица814657149176070828388110101118101154[[#This Row],[Факт с 06.07-12.07.2026]] -> 2655000 | K9: Итого: | L9: =SUM(L4:L8) -> 7 | M9: =SUM(M4:M8) -> 7 | N9: =SUM(N4:N8) -> 0 | O9: =SUM(O4:O8) -> 7
A10: Переплата | C10: 215500
A11: Сумма ЧВ у пристовов | C11: =SUM(B29,B31) -> 9543919 | M11: План
A12: Сумма ЧВ в суде | C12: =SUM(B30,B32) -> 7177600 | K12: Менеджеры | L12: Счета Юр.услуги | M12: Счета Вступления | N12: Сбор Юр.услуги | O12: Кол-во вступлений
A13: Поступление от судебной деятельности | C13: =SUM(B33,B34) -> 106000 | K13: Наташа | L13: 4 | M13: 0 | N13: 150000 | O13: 1
A14: Итого: | B14: =SUM(B6:B8) -> 53354601 | C14: =SUM(C6:C10) -> 6858500 | D14: =SUM(D6:D8) -> 46846601 | K14: Ира | L14: 6 | M14: 1 | N14: 100000 | O14: 1
K15: Таня | L15: 3 | M15: 1 | N15: 50000 | O15: 1
A16: Бизнес-групп | K16: Роман | L16: 2 | M16: 0 | N16: 80000 | O16: 0
A17: Наименование | B17: План на | C17: 06.07.2026 | D17: Факт на | E17: 06.07-12.07.2026 | F17: Поступление на | G17: 06.07-12.07.2026 | H17: План на | I17: 13.07.2026 | K17: Давид | L17: 8 | M17: 1 | N17: 150000 | O17: 1
B18: Колличество | C18: Сумма | D18: Колличество | E18: Сумма | F18: Колличество | G18: Сумма | H18: Колличество | I18: Сумма | K18: Итого: | L18: =SUM(L13:L17) -> 23 | M18: =SUM(M13:M17) -> 3 | N18: =SUM(N13:N17) -> 530000 | O18: =SUM(O13:O17) -> 4
A19: Выставленные счета на юр. Услугам | B19: =Таблица121106142[[#This Row],[План на]] -> 10 | C19: =Таблица121106142[[#This Row],[06.07.2026]] -> 667000 | D19: 6 | E19: 530000 | F19: 5 | G19: 410000 | H19: 6 | I19: 500000
A20: Выставленные счета на прохождение экзамена | B20: =Таблица121106142[[#This Row],[План на]] -> 2 | C20: =Таблица121106142[[#This Row],[06.07.2026]] -> 205800 | D20: 2 | E20: 84000 | F20: 1 | G20: 42000 | H20: 2 | I20: 84000
A21: Ранее выставленные счета на юр. Услуги | F21: 3 | G21: 156498.14
A22: Ранее выставленные счета на экзамен
A23: Счета на вступления | B23: 7 | D23: 1 | H23: 4
A24: Вступления | B24: 6 | D24: 2 | H24: 3
A25: Итог: | B25: =SUM(B19:B20) -> 12 | C25: =SUM(C19:C20) -> 872800 | D25: =SUM(D19:D20) -> 8 | E25: =SUM(E19:E20) -> 614000 | F25: =SUM(F19:F21) -> 9 | G25: =SUM(G19:G21) -> 608498.14 | H25: =SUM(H19:H20) -> 8 | I25: =SUM(I19:I20) -> 584000
A27: Юридический отдел
A28: Наименование | B28: Факт с 06.07-12.07.2026
A29: Сумма ЧВ у приставов действ | B29: 2523792
A30: Сумма ЧВ в суде действ | B30: 4635700
A31: Сумма ЧВ у приставов искл | B31: 7020127
A32: Сумма ЧВ в суде искл | B32: 2541900
A33: Поступления по СД искл | B33: 0
A34: Поступление по СД действ | B34: 106000
A35: Итого в суде | B35: 16721519
A37: Юрлидер
A38: Наименование | B38: План на | C38: 06.06.2026 | D38: Факт на | E38: 06.07-12.07.2026 | F38: Поступление на | G38: 06.07-12.07.2026 | H38: План на | I38: 13.07.2026
B39: Колличество | C39: Сумма | D39: Колличество | E39: Сумма | F39: Колличество | G39: Сумма | H39: Колличество | I39: Сумма
A40: Выставленные счета на юр. Услугам | B40: =Таблица104112144[[#This Row],[План на]] -> 10 | C40: =Таблица104112144[[#This Row],[06.07.2026]] -> 380000 | D40: 6 | E40: 245000 | F40: 4 | G40: 185000 | H40: 23 | I40: 530000
A41: Ранее выставленные счета на юр. Услуги | F41: 8 | G41: 345000
A42: Счета на вступления | B42: 2 | H42: 3
A43: Вступления | B43: 4 | H43: 4
A44: Итог: | B44: =SUM(B40) -> 10 | C44: =SUM(C40) -> 380000 | D44: =SUM(D40) -> 6 | E44: =SUM(E40) -> 245000 | F44: =SUM(F40:F41) -> 12 | G44: =SUM(G40:G41) -> 530000 | H44: 23 | I44: 530000
A46: Барановская
A47: Наименование | B47: Факт с 06.07-12.07.2026
A48: Счета на юридические услуги | B48: 1
A49: Поступления по юр. Услугам | B49: 40000

Sheet 29 неделя
A1: 29 неделя с 13.07 по 19.07.2026
A2: ОРС | M2: Факт
A3: Ростов | B3: Осталось собрать на 13.07 | C3: Факт с 13.07-19.07.2026 | D3: Осталось собрать на 20.07.2026 | K3: Менеджеры | L3: Счета Юр.услуги | M3: Счета Вступления | N3: Сбор Юр.услуги | O3: Кол-во вступлений
A4: Начислено за квартал | B4: 24966000 | K4: Наташа | L4: отпуск | M4: отпуск | N4: отпуск | O4: отпуск
A5: Переплата за квартал | B5: 3131000 | K5: Ира | L5: 8 | M5: 1 | O5: 0
A6: План сбора за квартал | B6: =Таблица814657149176070828388110101118101154[[#This Row],[Осталось собрать на 13.07.2026]] -> 15361300 | C6: 1319100 | D6: =Таблица814657149176070828388110101118101161[[#This Row],[Осталось собрать на 13.07 ]]-Таблица814657149176070828388110101118101161[[#This Row],[Факт с 13.07-19.07.2026]] -> 14042200 | K6: Таня | L6: 3 | M6: 0 | O6: 0
A7: Долг действующие | B7: =Таблица814657149176070828388110101118101154[[#This Row],[Осталось собрать на 13.07.2026]] -> 13861561 | C7: 203000 | D7: =Таблица814657149176070828388110101118101161[[#This Row],[Осталось собрать на 13.07 ]]-Таблица814657149176070828388110101118101161[[#This Row],[Факт с 13.07-19.07.2026]] -> 13658561 | K7: Роман | L7: 1 | M7: 0 | O7: 0
A8: Долг исключенные | B8: =Таблица814657149176070828388110101118101154[[#This Row],[Осталось собрать на 13.07.2026]] -> 17623740 | C8: 98903.7 | D8: =Таблица814657149176070828388110101118101161[[#This Row],[Осталось собрать на 13.07 ]]-Таблица814657149176070828388110101118101161[[#This Row],[Факт с 13.07-19.07.2026]] -> 17524837 | K8: Давид | L8: 0 | M8: 0 | O8: 0
A9: Сбор ЧВ по вступившим в этом квартале | B9: =Таблица814657149176070828388110101118101154[[#This Row],[Осталось собрать на 13.07.2026]] -> 2655000 | C9: 120000 | D9: =Таблица814657149176070828388110101118101161[[#This Row],[Осталось собрать на 13.07 ]]+Таблица814657149176070828388110101118101161[[#This Row],[Факт с 13.07-19.07.2026]] -> 2775000 | K9: Итого:
A10: Переплата | C10: 97500
A11: Сумма ЧВ у пристовов | C11: =SUM(B29,B31) -> 9445019 | M11: План
A12: Сумма ЧВ в суде | C12: =SUM(B30,B32) -> 7177600 | K12: Менеджеры | L12: Счета Юр.услуги | M12: Счета Вступления | N12: Сбор Юр.услуги | O12: Кол-во вступлений
A13: Поступление от судебной деятельности | C13: =SUM(B33,B34) -> 98900 | K13: Наташа | L13: отпуск | M13: отпуск | N13: отпуск | O13: отпуск
A14: Итого: | B14: =SUM(B6:B8) -> 46846601 | C14: =SUM(C6:C10) -> 1838503.7 | D14: =SUM(D6:D8) -> 45225598 | K14: Ира | L14: 3 | M14: 1 | N14: 100000 | O14: 1
K15: Таня | L15: 2 | M15: 0 | N15: 30000 | O15: 1
A16: Бизнес-групп | K16: Роман | L16: 3 | M16: 0 | N16: 80000 | O16: 0
A17: Наименование | B17: План на | C17: 13.07.2026 | D17: Факт на | E17: 13.07-19.07.2026 | F17: Поступление на | G17: 13.07-19.07.2026 | H17: План на | I17: 20.07.2026 | K17: Давид | L17: 19 | M17: 0 | N17: 150000 | O17: 1
B18: Колличество | C18: Сумма | D18: Колличество | E18: Сумма | F18: Колличество | G18: Сумма | H18: Колличество | I18: Сумма | K18: Итого: | L18: =SUM(L14:L17) -> 27 | M18: =SUM(M14:M17) -> 1 | N18: =SUM(N14:N17) -> 360000 | O18: =SUM(O14:O17) -> 3
A19: Выставленные счета на юр. Услугам | B19: =Таблица121106156[[#This Row],[План на]] -> 6 | C19: =Таблица121106156[[#This Row],[13.07.2026]] -> 500000 | D19: 4 | E19: 470000 | H19: 30 | I19: 1500000
A20: Выставленные счета на прохождение экзамена | B20: =Таблица121106156[[#This Row],[План на]] -> 2 | C20: =Таблица121106156[[#This Row],[13.07.2026]] -> 84000 | D20: 1 | E20: 42000 | H20: 2 | I20: 84000
A21: Ранее выставленные счета на юр. Услуги | F21: 1 | G21: 60000
A22: Ранее выставленные счета на экзамен
A23: Счета на вступления | B23: 4 | D23: 2 | H23: 4
A24: Вступления | B24: 3 | D24: 2 | H24: 3
A25: Итог: | B25: =Таблица121106156[[#This Row],[План на]] -> 8 | C25: =Таблица121106156[[#This Row],[13.07.2026]] -> 584000 | D25: =SUM(D19:D20) -> 5 | E25: =SUM(E19:E20) -> 512000 | F25: =SUM(F21) -> 1 | G25: =SUM(G21) -> 60000 | H25: =SUM(H19:H20) -> 32 | I25: =SUM(I19:I20) -> 1584000
A27: Юридический отдел
A28: Наименование | B28: Факт с 13.07 по 19.07.2026
A29: Сумма ЧВ у приставов действ | B29: 2523792
A30: Сумма ЧВ в суде действ | B30: 4635700
A31: Сумма ЧВ у приставов искл | B31: 6921227
A32: Сумма ЧВ в суде искл | B32: 2541900
A33: Поступления по СД искл | B33: 98900
A34: Поступление по СД действ | B34: 0
A35: Итого в суде | B35: 16622619
A37: Юрлидер
A38: Наименование | B38: План на | C38: 13.07.2026 | D38: Факт на | E38: 13.07-19.07.2026 | F38: Поступление на | G38: 13.07-19.07.2026 | H38: План на | I38: 20.07.20262
B39: Колличество | C39: Сумма | D39: Колличество | E39: Сумма | F39: Колличество | G39: Сумма | H39: Колличество | I39: Сумма
A40: Выставленные счета на юр. Услугам | B40: =Таблица104112158[[#This Row],[План на]] -> 23 | C40: =Таблица104112158[[#This Row],[13.07.2026]] -> 530000 | D40: 33 | E40: 1545000 | F40: 6 | G40: 225000 | H40: 27 | I40: 360000
A41: Ранее выставленные счета на юр. Услуги | F41: 5 | G41: 190000
A42: Счета на вступления | B42: =Таблица104112158[[#This Row],[План на]] -> 3 | H42: 1
A43: Вступления | B43: =Таблица104112158[[#This Row],[План на]] -> 4 | H43: 3
A44: Итог: | B44: =Таблица104112158[[#This Row],[План на]] -> 23 | C44: =Таблица104112158[[#This Row],[13.07.2026]] -> 530000 | D44: =SUM(D40) -> 33 | E44: =SUM(E40) -> 1545000 | F44: =SUM(F40:F41) -> 11 | G44: =SUM(G40:G41) -> 415000 | H44: =SUM(H40) -> 27 | I44: =SUM(I40) -> 360000
A46: Барановская
A47: Наименование | B47: Факт с 13.07-19.07.2026
A48: Счета на юридические услуги | B48: 1
A49: Поступления по юр. Услугам | B49: 25000

Sheet 30 неделя
A1: 30 неделя с 20.07 по 26.07.2026 | K1: 30 неделя с 20.07 по 26.07.2026
A2: ОРС | K2: Юридический отдел
A3: Ростов | B3: Осталось собрать на 20.07.2026 | C3: Факт с 20.07-26.07.2026 | D3: Осталось собрать на 27.07.2026 | K3: Наименование | L3: Факт с 06.07-12.07.2026 | M3: Факт с 13.07-19.07.2026 | N3: Факт с 20.07-26.07.2026
A4: Начислено за квартал | B4: 24966000 | K4: Сумма ЧВ у приставов действ | L4: ='28 неделя'!B29 -> 2523792 | M4: ='29 неделя'!B29 -> 2523792 | N4: 2463792
A5: Переплата за квартал | B5: 3131000 | K5: Сумма ЧВ в суде действ | L5: ='28 неделя'!B30 -> 4635700 | M5: ='29 неделя'!B30 -> 4635700 | N5: 7397100
A6: План сбора за квартал | B6: =Таблица814657149176070828388110101118101161[[#This Row],[Осталось собрать на 20.07.2026]] -> 14042200 | C6: 641500 | D6: =Таблица814657149176070828388110101118101170[[#This Row],[Осталось собрать на 20.07.2026 ]]-Таблица814657149176070828388110101118101170[[#This Row],[Факт с 20.07-26.07.2026]] -> 13400700 | K6: Сумма ЧВ у приставов искл | L6: ='28 неделя'!B31 -> 7020127 | M6: ='29 неделя'!B31 -> 6921227 | N6: 6487429
A7: Долг действующие | B7: =Таблица814657149176070828388110101118101161[[#This Row],[Осталось собрать на 20.07.2026]] -> 13658561 | C7: 219000 | D7: =Таблица814657149176070828388110101118101170[[#This Row],[Осталось собрать на 20.07.2026 ]]-Таблица814657149176070828388110101118101170[[#This Row],[Факт с 20.07-26.07.2026]] -> 13439561 | K7: Сумма ЧВ в суде искл | L7: ='28 неделя'!B32 -> 2541900 | M7: ='29 неделя'!B32 -> 2541900 | N7: 2720400
A8: Долг исключенные | B8: =Таблица814657149176070828388110101118101161[[#This Row],[Осталось собрать на 20.07.2026]] -> 17524837 | C8: 364898.71 | D8: =Таблица814657149176070828388110101118101170[[#This Row],[Осталось собрать на 20.07.2026 ]]-Таблица814657149176070828388110101118101170[[#This Row],[Факт с 20.07-26.07.2026]] -> 17159938 | K8: Поступления по СД искл | L8: ='28 неделя'!B33 -> 0 | M8: ='29 неделя'!B33 -> 98900 | N8: 433798
A9: Сбор ЧВ по вступившим в этом квартале | B9: =Таблица814657149176070828388110101118101161[[#This Row],[Осталось собрать на 20.07.2026]] -> 2775000 | C9: 120000 | D9: =Таблица814657149176070828388110101118101170[[#This Row],[Осталось собрать на 20.07.2026 ]]+Таблица814657149176070828388110101118101170[[#This Row],[Факт с 20.07-26.07.2026]] -> 2895000 | K9: Поступление по СД действ | L9: ='28 неделя'!B34 -> 106000 | M9: ='29 неделя'!B34 -> 0 | N9: 60000
A10: Переплата | C10: 150000 | K10: Итого в суде | L10: ='28 неделя'!B35 -> 16721519 | M10: ='29 неделя'!B35 -> 16622619 | N10: 19068721
A11: Сумма ЧВ у пристовов | C11: =SUM(N4,N6) -> 8951221
A12: Сумма ЧВ в суде | C12: =SUM(N5,N7) -> 10117500 | K12: Барановская
A13: Поступление от судебной деятельности | C13: =SUM(N8,N9) -> 493798 | K13: Наименование | L13: Факт с 20.07-26.07.2026
A14: Итого: | B14: =SUM(B6:B8) -> 45225598 | C14: =SUM(C6:C10) -> 1495398.7 | D14: =SUM(D6:D8) -> 44000199 | K14: Счета на юридические услуги | L14: 1
K15: Поступления по юр. Услугам | L15: 50000
A16: Бизнес-групп
A17: Наименование | B17: План на | C17: 20.07.2026 | D17: Факт на | E17: 20.07-26.07.2026 | F17: Поступление на | G17: 20.07-26.07.2026 | H17: План на | I17: 27.07.2026
B18: Колличество | C18: Сумма | D18: Колличество | E18: Сумма | F18: Колличество | G18: Сумма | H18: Колличество | I18: Сумма
A19: Выставленные счета на юр. Услугам | B19: =Таблица121106163[[#This Row],[План на]] -> 30 | C19: =Таблица121106163[[#This Row],[20.07.2026]] -> 1500000 | D19: 12 | E19: 770000 | F19: 10 | G19: 645000 | H19: 20 | I19: 1200000
A20: Выставленные счета на прохождение экзамена | B20: =Таблица121106163[[#This Row],[План на]] -> 2 | C20: =Таблица121106163[[#This Row],[20.07.2026]] -> 84000 | D20: 2 | E20: 84000 | F20: 1 | G20: 42000 | H20: 2 | I20: 84000
A21: Ранее выставленные счета на юр. Услуги | F21: 4 | G21: 470000
A22: Ранее выставленные счета на экзамен
A23: Счета на вступления | B23: =Таблица121106163[[#This Row],[План на]] -> 4 | D23: 7 | H23: 6
A24: Вступления | B24: =Таблица121106163[[#This Row],[План на]] -> 3 | D24: 2 | H24: 4
A25: Итог: | B25: =Таблица121106163[[#This Row],[План на]] -> 32 | C25: =Таблица121106163[[#This Row],[20.07.2026]] -> 1584000 | D25: =SUM(D19:D20) -> 14 | E25: =SUM(E19:E20) -> 854000 | F25: =SUM(F19:F21) -> 15 | G25: =SUM(G19:G21) -> 1157000 | H25: =SUM(H19:H20) -> 22 | I25: =SUM(I19:I20) -> 1284000
A27: Юрлидер
A28: Наименование | B28: План на | C28: 20.07.2026 | D28: Факт на | E28: 20.07-26.07.2026 | F28: Поступление на | G28: 27.07-26.07.2026 | H28: План на | I28: 27.07.2026
B29: Колличество | C29: Сумма | D29: Колличество | E29: Сумма | F29: Колличество | G29: Сумма | H29: Колличество | I29: Сумма
A30: Выставленные счета на юр. Услугам | B30: ='29 неделя'!H40 -> 27 | C30: ='29 неделя'!I40 -> 360000 | D30: 18 | E30: 1250000 | F30: 11 | G30: 845000 | H30: 5 | I30: 180000
A31: Ранее выставленные счета на юр. Услуги | F31: 9 | G31: 430000
A32: Счета на вступления | B32: ='29 неделя'!H42 -> 1 | D32: 1 | H32: 1
A33: Вступления | B33: ='29 неделя'!H43 -> 3 | D33: 0 | H33: 1
A34: Итог: | B34: ='29 неделя'!H44 -> 27 | C34: ='29 неделя'!I44 -> 360000 | D34: =SUM(D30) -> 18 | E34: =SUM(E30) -> 1250000 | F34: =SUM(F30:F31) -> 20 | G34: =SUM(G30:G31) -> 1275000 | H34: =SUM(H30) -> 5 | I34: =SUM(I30) -> 180000

Sheet 31 неделя
A1: 31 неделя с 27.07 по 02.08.2026 | K1: 31 неделя с 27.07 по 02.08.2026
A2: ОРС | K2: Юридический отдел
A3: Ростов | B3: Осталось собрать на 27.07.2026 | C3: Факт с 27.07-02.08.2026 | D3: Осталось собрать на 03.08.2026 | K3: Наименование | L3: Факт с 13.07-19.07.2026 | M3: Факт с 20.07-26.07.2026 | N3: Факт с 27.07 по 02.08.2026
A4: Начислено за квартал | B4: 24966000 | K4: Сумма ЧВ у приставов действ | L4: ='29 неделя'!B29 -> 2523792 | M4: =Таблица9390112102120102168173177[[#This Row],[Факт с 20.07-26.07.2026]] -> 2463792 | N4: 2463792
A5: Переплата за квартал | B5: 3131000 | K5: Сумма ЧВ в суде действ | L5: ='29 неделя'!B30 -> 4635700 | M5: =Таблица9390112102120102168173177[[#This Row],[Факт с 20.07-26.07.2026]] -> 7397100 | N5: 7327100
A6: План сбора за квартал | B6: =Таблица814657149176070828388110101118101170[[#This Row],[Осталось собрать на 27.07.2026]] -> 13400700 | C6: 706000 | D6: =Таблица814657149176070828388110101118101170174[[#This Row],[Осталось собрать на 27.07.2026 ]]-Таблица814657149176070828388110101118101170174[[#This Row],[Факт с 27.07-02.08.2026]] -> 12694700 | K6: Сумма ЧВ у приставов искл | L6: ='29 неделя'!B31 -> 6921227 | M6: =Таблица9390112102120102168173177[[#This Row],[Факт с 20.07-26.07.2026]] -> 6487429 | N6: 6477429
A7: Долг действующие | B7: =Таблица814657149176070828388110101118101170[[#This Row],[Осталось собрать на 27.07.2026]] -> 13439561 | C7: 290000 | D7: =Таблица814657149176070828388110101118101170174[[#This Row],[Осталось собрать на 27.07.2026 ]]-Таблица814657149176070828388110101118101170174[[#This Row],[Факт с 27.07-02.08.2026]] -> 13149561 | K7: Сумма ЧВ в суде искл | L7: ='29 неделя'!B32 -> 2541900 | M7: =Таблица9390112102120102168173177[[#This Row],[Факт с 20.07-26.07.2026]] -> 2720400 | N7: 2720400
A8: Долг исключенные | B8: =Таблица814657149176070828388110101118101170[[#This Row],[Осталось собрать на 27.07.2026]] -> 17159938 | C8: 10000 | D8: =Таблица814657149176070828388110101118101170174[[#This Row],[Осталось собрать на 27.07.2026 ]]-Таблица814657149176070828388110101118101170174[[#This Row],[Факт с 27.07-02.08.2026]] -> 17149938 | K8: Поступления по СД искл | L8: ='29 неделя'!B33 -> 98900 | M8: =Таблица9390112102120102168173177[[#This Row],[Факт с 20.07-26.07.2026]] -> 433798 | N8: 10000
A9: Сбор ЧВ по вступившим в этом квартале | B9: =Таблица814657149176070828388110101118101170[[#This Row],[Осталось собрать на 27.07.2026]] -> 2895000 | C9: 130000 | D9: =Таблица814657149176070828388110101118101170174[[#This Row],[Осталось собрать на 27.07.2026 ]]+Таблица814657149176070828388110101118101170174[[#This Row],[Факт с 27.07-02.08.2026]] -> 3025000 | K9: Поступление по СД действ | L9: ='29 неделя'!B34 -> 0 | M9: =Таблица9390112102120102168173177[[#This Row],[Факт с 20.07-26.07.2026]] -> 60000 | N9: 70000
A10: Переплата | C10: 75000 | K10: Итого в суде | L10: ='29 неделя'!B35 -> 16622619 | M10: =Таблица9390112102120102168173177[[#This Row],[Факт с 20.07-26.07.2026]] -> 19068721 | N10: 18988721
A11: Сумма ЧВ у пристовов | C11: =SUM(N4,N6) -> 8941221
A12: Сумма ЧВ в суде | C12: =SUM(N5,N7) -> 10047500 | K12: Барановская
A13: Поступление от судебной деятельности | C13: =SUM(N8,N9) -> 80000 | K13: Наименование | L13: Факт с 27.07-02.08.2026
A14: Итого: | B14: =SUM(B6:B8) -> 44000199 | C14: =SUM(C6:C10) -> 1211000 | D14: =SUM(D6:D8) -> 42994199 | K14: Счета на юридические услуги | L14: 0
K15: Поступления по юр. Услугам | L15: 0
A16: Бизнес-групп
A17: Наименование | B17: План на | C17: 46230 | D17: Факт на | E17: 27.07-02.08.2026 | F17: Поступление на | G17: 27.07-02.08.2026 | H17: План на | I17: 46237
B18: Колличество | C18: Сумма | D18: Колличество | E18: Сумма | F18: Колличество | G18: Сумма | H18: Колличество | I18: Сумма
A19: Выставленные счета на юр. Услугам | B19: ='30 неделя'!H19 -> 20 | C19: ='30 неделя'!I19 -> 1200000 | D19: 41 | E19: 3905000 | F19: 30 | G19: 2366000 | H19: 15 | I19: 750000
A20: Выставленные счета на прохождение экзамена | B20: ='30 неделя'!H20 -> 2 | C20: ='30 неделя'!I20 -> 84000 | D20: 5 | E20: 210000 | F20: 1 | G20: 42000 | H20: 2 | I20: 84000
A21: Ранее выставленные счета на юр. Услуги | F21: 2 | G21: 84450
A22: Ранее выставленные счета на экзамен | F22: 1 | G22: 42000
A23: Счета на вступления | B23: ='30 неделя'!H23 -> 6 | D23: 3 | H23: 6
A24: Вступления | B24: ='30 неделя'!H24 -> 4 | D24: 5 | H24: 4
A25: Итог: | B25: ='30 неделя'!H25 -> 22 | C25: ='30 неделя'!I25 -> 1284000 | D25: =SUM(D19:D20) -> 46 | E25: =SUM(E19:E20) -> 4115000 | F25: =SUM(F19:F22) -> 34 | G25: =SUM(G19:G22) -> 2534450 | H25: =SUM(H19:H20) -> 17 | I25: =SUM(I19:I20) -> 834000
A27: Юрлидер
A28: Наименование | B28: План на | C28: 27.07.2026 | D28: Факт на | E28: 27.07-02.08.2026 | F28: Поступление на | G28: 27.07-02.08.2026 | H28: План на | I28: 03.08.2026
B29: Колличество | C29: Сумма | D29: Колличество | E29: Сумма | F29: Колличество | G29: Сумма | H29: Колличество | I29: Сумма
A30: Выставленные счета на юр. Услугам | B30: =Таблица104112172[[#This Row],[План на]] -> 5 | C30: =Таблица104112172[[#This Row],[27.07.2026]] -> 180000 | D30: 6 | E30: 500000 | F30: 1 | G30: 50000 | H30: 17 | I30: 370000
A31: Ранее выставленные счета на юр. Услуги | F31: 3 | G31: 185000
A32: Счета на вступления | B32: =Таблица104112172[[#This Row],[План на]] -> 1 | D32: 4 | H32: 1
A33: Вступления | B33: =Таблица104112172[[#This Row],[План на]] -> 1 | D33: 3 | H33: 1
A34: Итог: | B34: =Таблица104112172[[#This Row],[План на]] -> 5 | C34: =Таблица104112172[[#This Row],[27.07.2026]] -> 180000 | D34: =SUM(D30) -> 6 | E34: =SUM(E30) -> 500000 | F34: =SUM(F30:F31) -> 4 | G34: =SUM(G30:G31) -> 235000 | H34: =SUM(H30) -> 17 | I34: =SUM(I30) -> 370000

Sheet 32 неделя
A1: 32 неделя с 03.08 по 09.08.2026 | K1: 32 неделя с 03.08 по 09.08.2026
A2: ОРС | K2: Юридический отдел
A3: Ростов | B3: Осталось собрать на 03.08.2026 | C3: Факт с 03.08-09.08.2026 | D3: Осталось собрать на 10.08.2026 | K3: Наименование | L3: Факт с 20.07-26.07.2026 | M3: Факт с 27.07-02.08.2026 | N3: Факт с 03.08-09.08.2026
A4: Начислено за квартал | B4: =Таблица814657149176070828388110101118101170174[[#This Row],[Осталось собрать на 27.07.2026 ]] -> 24966000 | K4: Сумма ЧВ у приставов действ | L4: =Таблица9390112102120102168173177[[#This Row],[Факт с 20.07-26.07.2026]] -> 2463792 | M4: =Таблица9390112102120102168173177176[[#This Row],[Факт с 27.07 по 02.08.2026]] -> 2463792 | N4: 2463792
A5: Переплата за квартал | B5: =Таблица814657149176070828388110101118101170174[[#This Row],[Осталось собрать на 27.07.2026 ]] -> 3131000 | K5: Сумма ЧВ в суде действ | L5: =Таблица9390112102120102168173177[[#This Row],[Факт с 20.07-26.07.2026]] -> 7397100 | M5: =Таблица9390112102120102168173177176[[#This Row],[Факт с 27.07 по 02.08.2026]] -> 7327100 | N5: 7096100
A6: План сбора за квартал | B6: =Таблица814657149176070828388110101118101170174[[#This Row],[Осталось собрать на 03.08.2026]] -> 12694700 | C6: 579000 | D6: =Таблица814657149176070828388110101118101170180[[#This Row],[Осталось собрать на 03.08.2026]]-Таблица814657149176070828388110101118101170180[[#This Row],[Факт с 03.08-09.08.2026]] -> 12115700 | K6: Сумма ЧВ у приставов искл | L6: =Таблица9390112102120102168173177[[#This Row],[Факт с 20.07-26.07.2026]] -> 6487429 | M6: =Таблица9390112102120102168173177176[[#This Row],[Факт с 27.07 по 02.08.2026]] -> 6477429 | N6: 6477429
A7: Долг действующие | B7: =Таблица814657149176070828388110101118101170174[[#This Row],[Осталось собрать на 03.08.2026]] -> 13149561 | C7: 353000 | D7: =Таблица814657149176070828388110101118101170180[[#This Row],[Осталось собрать на 03.08.2026]]-Таблица814657149176070828388110101118101170180[[#This Row],[Факт с 03.08-09.08.2026]] -> 12796561 | K7: Сумма ЧВ в суде искл | L7: =Таблица9390112102120102168173177[[#This Row],[Факт с 20.07-26.07.2026]] -> 2720400 | M7: =Таблица9390112102120102168173177176[[#This Row],[Факт с 27.07 по 02.08.2026]] -> 2720400 | N7: 2720400
A8: Долг исключенные | B8: =Таблица814657149176070828388110101118101170174[[#This Row],[Осталось собрать на 03.08.2026]] -> 17149938 | C8: 410.63 | D8: =Таблица814657149176070828388110101118101170180[[#This Row],[Осталось собрать на 03.08.2026]]-Таблица814657149176070828388110101118101170180[[#This Row],[Факт с 03.08-09.08.2026]] -> 17149527 | K8: Поступления по СД искл | L8: =Таблица9390112102120102168173177[[#This Row],[Факт с 20.07-26.07.2026]] -> 433798 | M8: =Таблица9390112102120102168173177176[[#This Row],[Факт с 27.07 по 02.08.2026]] -> 10000 | N8: 0
A9: Сбор ЧВ по вступившим в этом квартале | B9: =Таблица814657149176070828388110101118101170174[[#This Row],[Осталось собрать на 03.08.2026]] -> 3025000 | C9: 215000 | D9: =Таблица814657149176070828388110101118101170180[[#This Row],[Осталось собрать на 03.08.2026]]+Таблица814657149176070828388110101118101170180[[#This Row],[Факт с 03.08-09.08.2026]] -> 3240000 | K9: Поступление по СД действ | L9: =Таблица9390112102120102168173177[[#This Row],[Факт с 20.07-26.07.2026]] -> 60000 | M9: =Таблица9390112102120102168173177176[[#This Row],[Факт с 27.07 по 02.08.2026]] -> 70000 | N9: 231000
A10: Переплата | C10: 135000 | K10: Итого в суде | L10: =Таблица9390112102120102168173177[[#This Row],[Факт с 20.07-26.07.2026]] -> 19068721 | M10: =Таблица9390112102120102168173177176[[#This Row],[Факт с 27.07 по 02.08.2026]] -> 18988721 | N10: 18757721
A11: Сумма ЧВ у пристовов | C11: =SUM(N4,N6) -> 8941221
A12: Сумма ЧВ в суде | C12: =SUM(N5,N7) -> 9816500 | K12: Барановская
A13: Поступление от судебной деятельности | C13: =SUM(N8:N9) -> 231000 | K13: Наименование | L13: Факт с 20.07-26.07.2026
A14: Итого: | B14: =SUM(B6:B8) -> 42994199 | C14: =SUM(C6:C10) -> 1282410.6 | D14: =SUM(D6:D8) -> 42061788 | K14: Счета на юридические услуги | L14: 1
K15: Поступления по юр. Услугам | L15: 50000
A16: Бизнес-групп
A17: Наименование | B17: План на | C17: 46237 | D17: Факт на | E17: 03.08-09.08.2026 | F17: Поступление на | G17: 03.08-09.08.2026 | H17: План на | I17: 10.08.2026
B18: Количество | C18: Сумма | D18: Количество | E18: Сумма | F18: Количество | G18: Сумма | H18: Количество | I18: Сумма
A19: Выставленные счета на юр. Услугам | B19: ='31 неделя'!H19 -> 15 | C19: ='31 неделя'!I19 -> 750000 | D19: 8 | E19: 525000 | F19: 5 | G19: 415000 | H19: 6 | I19: 500000
A20: Выставленные счета на прохождение экзамена | B20: ='31 неделя'!H20 -> 2 | C20: ='31 неделя'!I20 -> 84000 | D20: 3 | E20: 126000 | H20: 2 | I20: 84000
A21: Ранее выставленные счета на юр. Услуги | F21: 2 | G21: 130000
A22: Ранее выставленные счета на экзамен | F22: 1 | G22: 443600
A23: Счета на вступления | B23: ='31 неделя'!H23 -> 6 | D23: 7 | H23: 5
A24: Вступления | B24: ='31 неделя'!H24 -> 4 | D24: 7 | H24: 4
A25: Итог: | B25: ='31 неделя'!H25 -> 17 | C25: ='31 неделя'!I25 -> 834000 | D25: =SUM(D19:D20) -> 11 | E25: =SUM(E19:E20) -> 651000 | F25: =SUM(F19:F22) -> 8 | G25: =SUM(G19:G22) -> 988600 | H25: =SUM(H19:H20) -> 8 | I25: =SUM(I19:I20) -> 584000
A27: Юрлидер
A28: Наименование | B28: План на | C28: 03.08.2026 | D28: Факт на | E28: 03.08-09.08.2026 | F28: Поступление на | G28: 03.08-09.08.2026 | H28: План на | I28: 10.08.2026
B29: Количество | C29: Сумма | D29: Количество | E29: Сумма | F29: Количество | G29: Сумма | H29: Количество | I29: Сумма
A30: Выставленные счета на юр. Услугам | B30: =Таблица104112172175[[#This Row],[План на]] -> 17 | C30: =Таблица104112172175[[#This Row],[03.08.2026]] -> 370000 | D30: 12 | E30: 445000 | F30: 2 | G30: 55000 | H30: 39 | I30: 400000
A31: Ранее выставленные счета на юр. Услуги | F31: 4 | G31: 215000
A32: Счета на вступления | B32: =Таблица104112172175[[#This Row],[План на]] -> 1 | D32: 2 | H32: 1
A33: Вступления | B33: =Таблица104112172175[[#This Row],[План на]] -> 1 | D33: 1 | H33: 2
A34: Итог: | B34: =SUM(B30) -> 17 | C34: =SUM(C30) -> 370000 | D34: 12 | E34: 445000 | F34: 6 | G34: 270000 | H34: 39 | I34: 400000

Sheet 33 неделя
A1: 33 неделя с 10.08 по 16.08.2026 | K1: 33 неделя с 10.08 по 16.08.2026
A2: ОРС | K2: Юридический отдел
A3: Ростов | B3: Осталось собрать на 10.08.2026 | C3: Факт с 10.08-16.08.2026 | D3: Осталось собрать на 17.08.2026 | K3: Наименование | L3: Факт с 27.07-02.08.2026 | M3: Факт с 03.08-09.08.2026 | N3: Факт с 10.08-16.08.2026
A4: Начислено за квартал | B4: =Таблица814657149176070828388110101118101170174[[#This Row],[Осталось собрать на 27.07.2026 ]] -> 24966000 | K4: Сумма ЧВ у приставов действ | L4: =Таблица9390112102120102168173177176[[#This Row],[Факт с 27.07 по 02.08.2026]] -> 2463792 | M4: 2463792 | N4: 2463792
A5: Переплата за квартал | B5: =Таблица814657149176070828388110101118101170174[[#This Row],[Осталось собрать на 27.07.2026 ]] -> 3131000 | K5: Сумма ЧВ в суде действ | L5: =Таблица9390112102120102168173177176[[#This Row],[Факт с 27.07 по 02.08.2026]] -> 7327100 | M5: 7096100 | N5: 6921100
A6: План сбора за квартал | B6: =Таблица814657149176070828388110101118101170180[[#This Row],[Осталось собрать на 10.08.2026]] -> 12115700 | C6: 985500 | D6: =Таблица814657149176070828388110101118101170180102[[#This Row],[Осталось собрать на 10.08.2026]]-Таблица814657149176070828388110101118101170180102[[#This Row],[Факт с 10.08-16.08.2026]] -> 11130200 | K6: Сумма ЧВ у приставов искл | L6: =Таблица9390112102120102168173177176[[#This Row],[Факт с 27.07 по 02.08.2026]] -> 6477429 | M6: 6477429 | N6: 6477429
A7: Долг действующие | B7: =Таблица814657149176070828388110101118101170180[[#This Row],[Осталось собрать на 10.08.2026]] -> 12796561 | C7: 581000 | D7: =Таблица814657149176070828388110101118101170180102[[#This Row],[Осталось собрать на 10.08.2026]]-Таблица814657149176070828388110101118101170180102[[#This Row],[Факт с 10.08-16.08.2026]] -> 12215561 | K7: Сумма ЧВ в суде искл | L7: =Таблица9390112102120102168173177176[[#This Row],[Факт с 27.07 по 02.08.2026]] -> 2720400 | M7: 2720400 | N7: 2720400
A8: Долг исключенные | B8: =Таблица814657149176070828388110101118101170180[[#This Row],[Осталось собрать на 10.08.2026]] -> 17149527 | C8: 120001.59 | D8: =Таблица814657149176070828388110101118101170180102[[#This Row],[Осталось собрать на 10.08.2026]]-Таблица814657149176070828388110101118101170180102[[#This Row],[Факт с 10.08-16.08.2026]] -> 17029526 | K8: Поступления по СД искл | L8: =Таблица9390112102120102168173177176[[#This Row],[Факт с 27.07 по 02.08.2026]] -> 10000 | M8: 0 | N8: 0
A9: Сбор ЧВ по вступившим в этом квартале | B9: =Таблица814657149176070828388110101118101170180[[#This Row],[Осталось собрать на 10.08.2026]] -> 3240000 | C9: 180000 | D9: =Таблица814657149176070828388110101118101170180102[[#This Row],[Осталось собрать на 10.08.2026]]+Таблица814657149176070828388110101118101170180102[[#This Row],[Факт с 10.08-16.08.2026]] -> 3420000 | K9: Поступление по СД действ | L9: =Таблица9390112102120102168173177176[[#This Row],[Факт с 27.07 по 02.08.2026]] -> 70000 | M9: 231000 | N9: 245000
A10: Переплата | C10: 155000 | K10: Итого в суде | L10: =Таблица9390112102120102168173177176[[#This Row],[Факт с 27.07 по 02.08.2026]] -> 18988721 | M10: 18757721 | N10: 18582721
A11: Сумма ЧВ у пристовов | C11: =SUM(N4,N6) -> 8941221
A12: Сумма ЧВ в суде | C12: =SUM(N5,N7) -> 9641500 | K12: Барановская
A13: Поступление от судебной деятельности | C13: =SUM(N8:N9) -> 245000 | K13: Наименование | L13: Факт с 10.08-16.08.2026
A14: Итого: | B14: =SUM(B6:B8) -> 42061788 | C14: =SUM(C6:C10) -> 2021501.6 | D14: =SUM(D6:D8) -> 40375287 | K14: Счета на юридические услуги | L14: 0
K15: Поступления по юр. Услугам | L15: 0
A16: Бизнес-групп
A17: Наименование | B17: План на | C17: 46244 | D17: Факт на | E17: 10.08-16.08.2026 | F17: Поступление на | G17: 10.08-16.08.2026 | H17: План на | I17: 46251
B18: Количество | C18: Сумма | D18: Количество | E18: Сумма | F18: Количество | G18: Сумма | H18: Количество | I18: Сумма
A19: Выставленные счета на юр. Услугам | B19: ='32 неделя'!H19 -> 6 | C19: ='32 неделя'!I19 -> 500000 | D19: 11 | E19: 850000 | F19: 5 | G19: 300000 | H19: 15 | I19: 1000000
A20: Выставленные счета на прохождение экзамена | B20: ='32 неделя'!H20 -> 2 | C20: ='32 неделя'!I20 -> 84000 | D20: 0 | E20: 0 | H20: 3 | I20: 126000
A21: Ранее выставленные счета на юр. Услуги | F21: 1 | G21: 15000
A22: Ранее выставленные счета на экзамен
A23: Счета на вступления | B23: 5 | D23: 6 | H23: 5
A24: Вступления | B24: 4 | D24: 3 | H24: 4
A25: Итог: | B25: ='32 неделя'!H25 -> 8 | C25: ='32 неделя'!I25 -> 584000 | D25: =SUM(D19) -> 11 | E25: =SUM(E19) -> 850000 | F25: =SUM(F19:F21) -> 6 | G25: =SUM(G19:G21) -> 315000 | H25: =SUM(H19:H20) -> 18 | I25: =SUM(I19:I20) -> 1126000
A27: Юрлидер
A28: Наименование | B28: План на | C28: 10.08.2026 | D28: Факт на | E28: 10.08-16.08.2026 | F28: Поступление на | G28: 10.08-16.08.2026 | H28: План на | I28: 17.08.2026
B29: Количество | C29: Сумма | D29: Количество | E29: Сумма | F29: Количество | G29: Сумма | H29: Количество | I29: Сумма
A30: Выставленные счета на юр. Услугам | B30: =Таблица104112172185[[#This Row],[План на]] -> 39 | C30: =Таблица104112172185[[#This Row],[10.08.2026]] -> 400000 | D30: 61 | E30: 3095000 | F30: 16 | G30: 600000 | H30: 11 | I30: 440000
A31: Ранее выставленные счета на юр. Услуги | F31: 5 | G31: 255000
A32: Счета на вступления | B32: =Таблица104112172185[[#This Row],[План на]] -> 1 | D32: 5 | H32: 3
A33: Вступления | B33: =Таблица104112172185[[#This Row],[План на]] -> 2 | D33: 3 | H33: 3
A34: Итог: | B34: =Таблица104112172185[[#This Row],[План на]] -> 39 | C34: =Таблица104112172185[[#This Row],[10.08.2026]] -> 400000 | D34: 61 | E34: 3095000 | F34: 21 | G34: 855000 | H34: 11 | I34: 440000

Sheet 34 неделя
A1: 34 неделя с 17.08 по 23.08.2026 | K1: 34 неделя с 17.08 по 23.08.2026
A2: ОРС | K2: Юридический отдел
A3: Ростов | B3: Осталось собрать на 17.08.2026 | C3: Факт с 17.08-23.08.2026 | D3: Осталось собрать на 24.08.2026 | K3: Наименование | L3: Факт с 03.08-09.08.2026 | M3: Факт с 10.08-16.08.2026 | N3: Факт с 17.08-23.08.2026
A4: Начислено за квартал | B4: =Таблица814657149176070828388110101118101170174[[#This Row],[Осталось собрать на 27.07.2026 ]] -> 24966000 | K4: Сумма ЧВ у приставов действ | L4: =Таблица9390112102120102168173177186[[#This Row],[Факт с 03.08-09.08.2026]] -> 2463792 | M4: =Таблица9390112102120102168173177186171[[#This Row],[Факт с 03.08-09.08.2026]] -> 2463792 | N4: 2463792
A5: Переплата за квартал | B5: =Таблица814657149176070828388110101118101170174[[#This Row],[Осталось собрать на 27.07.2026 ]] -> 3131000 | K5: Сумма ЧВ в суде действ | L5: =Таблица9390112102120102168173177186[[#This Row],[Факт с 03.08-09.08.2026]] -> 7096100 | M5: =Таблица9390112102120102168173177186171[[#This Row],[Факт с 03.08-09.08.2026]] -> 7096100 | N5: 6555600
A6: План сбора за квартал | B6: =Таблица814657149176070828388110101118101170180102[[#This Row],[Осталось собрать на 17.08.2026]] -> 11130200 | C6: 508500 | D6: =Таблица814657149176070828388110101118101170180102181[[#This Row],[Осталось собрать на 17.08.2026]]-Таблица814657149176070828388110101118101170180102181[[#This Row],[Факт с 17.08-23.08.2026]] -> 10621700 | K6: Сумма ЧВ у приставов искл | L6: =Таблица9390112102120102168173177186[[#This Row],[Факт с 03.08-09.08.2026]] -> 6477429 | M6: =Таблица9390112102120102168173177186171[[#This Row],[Факт с 03.08-09.08.2026]] -> 6477429 | N6: 6477429
A7: Долг действующие | B7: =Таблица814657149176070828388110101118101170180102[[#This Row],[Осталось собрать на 17.08.2026]] -> 12215561 | C7: 306000 | D7: =Таблица814657149176070828388110101118101170180102181[[#This Row],[Осталось собрать на 17.08.2026]]-Таблица814657149176070828388110101118101170180102181[[#This Row],[Факт с 17.08-23.08.2026]] -> 11909561 | K7: Сумма ЧВ в суде искл | L7: =Таблица9390112102120102168173177186[[#This Row],[Факт с 03.08-09.08.2026]] -> 2720400 | M7: =Таблица9390112102120102168173177186171[[#This Row],[Факт с 03.08-09.08.2026]] -> 2720400 | N7: 2720400
A8: Долг исключенные | B8: =Таблица814657149176070828388110101118101170180102[[#This Row],[Осталось собрать на 17.08.2026]] -> 17029526 | C8: 20000 | D8: =Таблица814657149176070828388110101118101170180102181[[#This Row],[Осталось собрать на 17.08.2026]]-Таблица814657149176070828388110101118101170180102181[[#This Row],[Факт с 17.08-23.08.2026]] -> 17009526 | K8: Поступления по СД искл | L8: =Таблица9390112102120102168173177186[[#This Row],[Факт с 03.08-09.08.2026]] -> 0 | M8: =Таблица9390112102120102168173177186171[[#This Row],[Факт с 03.08-09.08.2026]] -> 0 | N8: 0
A9: Сбор ЧВ по вступившим в этом квартале | B9: =Таблица814657149176070828388110101118101170180102[[#This Row],[Осталось собрать на 17.08.2026]] -> 3420000 | C9: 250000 | D9: =Таблица814657149176070828388110101118101170180102181[[#This Row],[Осталось собрать на 17.08.2026]]+Таблица814657149176070828388110101118101170180102181[[#This Row],[Факт с 17.08-23.08.2026]] -> 3670000 | K9: Поступление по СД действ | L9: =Таблица9390112102120102168173177186[[#This Row],[Факт с 03.08-09.08.2026]] -> 231000 | M9: =Таблица9390112102120102168173177186171[[#This Row],[Факт с 03.08-09.08.2026]] -> 231000 | N9: 365500
A10: Переплата | C10: 205000 | K10: Итого в суде | L10: =Таблица9390112102120102168173177186[[#This Row],[Факт с 03.08-09.08.2026]] -> 18757721 | M10: =Таблица9390112102120102168173177186171[[#This Row],[Факт с 03.08-09.08.2026]] -> 18757721 | N10: 18217221
A11: Сумма ЧВ у пристовов | C11: =SUM(N4,N6) -> 8941221
A12: Сумма ЧВ в суде | C12: =SUM(N5,N7) -> 9276000 | K12: Барановская
A13: Поступление от судебной деятельности | C13: =SUM(N8,N9) -> 365500 | K13: Наименование | L13: Факт с 17.08-23.08.2026
A14: Итого: | B14: =Таблица814657149176070828388110101118101170180102[[#This Row],[Осталось собрать на 17.08.2026]] -> 40375287 | C14: =SUM(C6:C10) -> 1289500 | D14: =SUM(D6:D8) -> 39540787 | K14: Счета на юридические услуги | L14: 1
K15: Поступления по юр. Услугам | L15: 50000
A16: Бизнес-групп
A17: Наименование | B17: План на | C17: 46251 | D17: Факт на | E17: 17.08-23.08.2026 | F17: Поступление на | G17: 17.08-23.08.2026 | H17: План на | I17: 46258
B18: Количество | C18: Сумма | D18: Количество | E18: Сумма | F18: Количество | G18: Сумма | H18: Количество | I18: Сумма
A19: Выставленные счета на юр. Услугам | B19: ='33 неделя'!H19 -> 15 | C19: ='33 неделя'!I19 -> 1000000 | D19: 21 | E19: 1755000 | F19: 11 | G19: 775000 | H19: 20 | I19: 1400000
A20: Выставленные счета на прохождение экзамена | B20: ='33 неделя'!H20 -> 3 | C20: ='33 неделя'!I20 -> 126000 | D20: 3 | E20: 126000 | F20: 2 | G20: 84000 | H20: 2 | I20: 84000
A21: Агенское за обучение
A22: Ранее выставленные счета на юр. Услуги | F22: 4 | G22: 380000
A23: Ранее выставленные счета на экзамен | F23: 1 | G23: 42000
A24: Счета на вступления | B24: ='33 неделя'!H23 -> 5 | D24: 9 | H24: 6
A25: Вступления | B25: ='33 неделя'!H24 -> 4 | D25: 6 | H25: 4
A26: Итог: | B26: ='33 неделя'!H25 -> 18 | C26: ='33 неделя'!I25 -> 1126000 | D26: =SUM(D19:D20) -> 24 | E26: =SUM(E19:E20) -> 1881000 | F26: =SUM(F19:F23) -> 18 | G26: =SUM(G19:G23) -> 1281000 | H26: =SUM(H19:H20) -> 22 | I26: =SUM(I19:I20) -> 1484000
A28: Юрлидер
A29: Наименование | B29: План на | C29: 17.08.2026 | D29: Факт на | E29: 17.08-23.08.2026 | F29: Поступление на | G29: 17.08-23.08.2026 | H29: План на | I29: 24.08.2026
B30: Количество | C30: Сумма | D30: Количество | E30: Сумма | F30: Количество | G30: Сумма | H30: Количество | I30: Сумма
A31: Выставленные счета на юр. Услугам | B31: ='33 неделя'!H30 -> 11 | C31: ='33 неделя'!I30 -> 440000 | D31: 14 | E31: 790000 | F31: 7 | G31: 300000 | H31: 10 | I31: 445000
A32: Ранее выставленные счета на юр. Услуги | F32: 15 | G32: 805000
A33: Счета на вступления | B33: ='33 неделя'!H32 -> 3 | D33: 8 | H33: 3
A34: Вступления | B34: ='33 неделя'!H33 -> 3 | D34: 5 | H34: 3
A35: Итог: | B35: ='33 неделя'!H34 -> 11 | C35: ='33 неделя'!I34 -> 440000 | D35: 14 | E35: 790000 | F35: 22 | G35: 1105000 | H35: 10 | I35: 445000

Sheet 35 неделя
A1: 35 неделя с 24.08 по 30.08.2026 | K1: =A1 -> 35 неделя с 24.08 по 30.08.2026
A2: ОРС | K2: Юридический отдел
A3: Ростов | B3: Осталось собрать на 24.08.2026 | C3: Факт с 24.08-30.08.2026 | D3: Осталось собрать на 31.08.2026 | K3: Наименование | L3: Факт с 10.08-16.08.2026 | M3: Факт с 17.08-23.08.2026 | N3: Факт с 24.08-30.08.2026
A4: Начислено за квартал | B4: =Таблица814657149176070828388110101118101170174[[#This Row],[Осталось собрать на 27.07.2026 ]] -> 24966000 | K4: Сумма ЧВ у приставов действ | L4: =Таблица9390112102120102168173177186171[[#This Row],[Факт с 10.08-16.08.2026]] -> 2463792 | M4: 2463792 | N4: 2463792
A5: Переплата за квартал | B5: =Таблица814657149176070828388110101118101170174[[#This Row],[Осталось собрать на 27.07.2026 ]] -> 3131000 | K5: Сумма ЧВ в суде действ | L5: =Таблица9390112102120102168173177186171[[#This Row],[Факт с 10.08-16.08.2026]] -> 6921100 | M5: 6555600 | N5: 6355600
A6: План сбора за квартал | B6: =Таблица814657149176070828388110101118101170180102181[[#This Row],[Осталось собрать на 24.08.2026]] -> 10621700 | C6: 624000 | D6: =Таблица814657149176070828388110101118101170180102181188[[#This Row],[Осталось собрать на 24.08.2026]]-Таблица814657149176070828388110101118101170180102181188[[#This Row],[Факт с 24.08-30.08.2026]] -> 9997700 | K6: Сумма ЧВ у приставов искл | L6: =Таблица9390112102120102168173177186171[[#This Row],[Факт с 10.08-16.08.2026]] -> 6477429 | M6: 6477429 | N6: 6447429
A7: Долг действующие | B7: =Таблица814657149176070828388110101118101170180102181[[#This Row],[Осталось собрать на 24.08.2026]] -> 11909561 | C7: 285000 | D7: =Таблица814657149176070828388110101118101170180102181188[[#This Row],[Осталось собрать на 24.08.2026]]-Таблица814657149176070828388110101118101170180102181188[[#This Row],[Факт с 24.08-30.08.2026]] -> 11624561 | K7: Сумма ЧВ в суде искл | L7: =Таблица9390112102120102168173177186171[[#This Row],[Факт с 10.08-16.08.2026]] -> 2720400 | M7: 2720400 | N7: 2720400
A8: Долг исключенные | B8: =Таблица814657149176070828388110101118101170180102181[[#This Row],[Осталось собрать на 24.08.2026]] -> 17009526 | C8: 90000 | D8: =Таблица814657149176070828388110101118101170180102181188[[#This Row],[Осталось собрать на 24.08.2026]]-Таблица814657149176070828388110101118101170180102181188[[#This Row],[Факт с 24.08-30.08.2026]] -> 16919526 | K8: Поступления по СД искл | L8: =Таблица9390112102120102168173177186171[[#This Row],[Факт с 10.08-16.08.2026]] -> 0 | M8: 0 | N8: 30000
A9: Сбор ЧВ по вступившим в этом квартале | B9: =Таблица814657149176070828388110101118101170180102181[[#This Row],[Осталось собрать на 24.08.2026]] -> 3670000 | C9: 160000 | D9: =Таблица814657149176070828388110101118101170180102181188[[#This Row],[Осталось собрать на 24.08.2026]]+Таблица814657149176070828388110101118101170180102181188[[#This Row],[Факт с 24.08-30.08.2026]] -> 3830000 | K9: Поступление по СД действ | L9: =Таблица9390112102120102168173177186171[[#This Row],[Факт с 10.08-16.08.2026]] -> 245000 | M9: 365500 | N9: 200000
A10: Переплата | C10: 90000 | K10: Итого в суде: | L10: =Таблица9390112102120102168173177186171[[#This Row],[Факт с 10.08-16.08.2026]] -> 18582721 | M10: 18217221 | N10: 17987221
A11: Сумма ЧВ у пристовов | C11: =SUM(N4,N6) -> 8911221
A12: Сумма ЧВ в суде | C12: =SUM(N5,N7) -> 9076000 | K12: Барановская
A13: Поступление от судебной деятельности | C13: =SUM(N8,N9) -> 230000 | K13: Наименование | L13: Факт с 24.08-30.08.2026
A14: Итого: | B14: =Таблица814657149176070828388110101118101170180102181[[#This Row],[Осталось собрать на 24.08.2026]] -> 39540787 | C14: =SUM(C6:C10) -> 1249000 | D14: =SUM(D6:D8) -> 38541787 | K14: Счета на юридические услуги | L14: 0
K15: Поступления по юр. Услугам | L15: 0
A16: Бизнес-групп
A17: Наименование | B17: План на | C17: 24.08.2026 | D17: Факт на | E17: 24.08-30.08.2026 | F17: Поступление на | G17: 24.08-30.08.20262 | H17: План на | I17: 31.08.2026
B18: Количество | C18: Сумма | D18: Количество | E18: Сумма | F18: Количество | G18: Сумма | H18: Количество | I18: Сумма
A19: Выставленные счета на юр. Услугам | B19: ='34 неделя'!H19 -> 20 | C19: ='34 неделя'!I19 -> 1400000 | D19: 25 | E19: 2240000 | F19: 12 | G19: 760000 | H19: 10 | I19: 700000
A20: Выставленные счета на прохождение экзамена | B20: ='34 неделя'!H20 -> 2 | C20: ='34 неделя'!I20 -> 84000 | H20: 2 | I20: 84000
A21: Агенское за обучение
A22: Ранее выставленные счета на юр. Услуги | F22: 5 | G22: 505000
A23: Ранее выставленные счета на экзамен | F23: 1 | G23: 42000
A24: Счета на вступления | B24: ='34 неделя'!H24 -> 6 | D24: 4 | H24: 6
A25: Вступления | B25: ='34 неделя'!H25 -> 4 | D25: 5 | H25: 4
A26: Итог: | B26: ='34 неделя'!H26 -> 22 | C26: ='34 неделя'!I26 -> 1484000 | D26: =SUM(D19) -> 25 | E26: =SUM(E19) -> 2240000 | F26: =SUM(F19:F23) -> 18 | G26: =SUM(G19:G23) -> 1307000 | H26: =SUM(H19:H20) -> 12 | I26: =SUM(I19:I20) -> 784000
A28: Юрлидер
A29: Наименование | B29: План на | C29: 24.08.2026 | D29: Факт на | E29: 24.08-30.08.2026 | F29: Поступление на | G29: 24.08-30.08.2026 | H29: План на | I29: 31.08.2026
B30: Количество | C30: Сумма | D30: Количество | E30: Сумма | F30: Количество | G30: Сумма | H30: Количество | I30: Сумма
A31: Выставленные счета на юр. Услугам | B31: =Таблица104112172185111182[[#This Row],[План на]] -> 10 | C31: =Таблица104112172185111182[[#This Row],[24.08.2026]] -> 445000 | D31: 3 | E31: 79000 | F31: 1 | G31: 29000 | H31: 5 | I31: 325000
A32: Ранее выставленные счета на юр. Услуги | F32: 10 | G32: 705000
A33: Счета на вступления | B33: =Таблица104112172185111182[[#This Row],[План на]] -> 3 | D33: 5 | H33: 3
A34: Вступления | B34: =Таблица104112172185111182[[#This Row],[План на]] -> 3 | D34: 5 | H34: 2
A35: Итог: | B35: =Таблица104112172185111182[[#This Row],[План на]] -> 10 | C35: =Таблица104112172185111182[[#This Row],[24.08.2026]] -> 445000 | D35: 3 | E35: 79000 | F35: 11 | G35: =SUM(G31:G32) -> 734000 | H35: 5 | I35: 325000

Sheet 36 неделя
A1: 36 неделя с 31.08 по 06.09.2026 | K1: =A1 -> 36 неделя с 31.08 по 06.09.2026
A2: ОРС | K2: Юридический отдел
A3: Ростов | B3: Осталось собрать на 31.08.2026 | C3: Факт с 24.08-30.08.2026 | D3: Осталось собрать на 07.09.2026 | K3: Наименование | L3: Факт с 17.08-23.08.2026 | M3: Факт с 24.08-30.08.2026 | N3: Факт с 31.08-06.09.2026
A4: Начислено за квартал | B4: =Таблица814657149176070828388110101118101170174[[#This Row],[Осталось собрать на 27.07.2026 ]] -> 24966000 | K4: Сумма ЧВ у приставов действ | L4: 2463792 | M4: 2463792 | N4: 2463792
A5: Переплата за квартал | B5: =Таблица814657149176070828388110101118101170174[[#This Row],[Осталось собрать на 27.07.2026 ]] -> 3131000 | K5: Сумма ЧВ в суде действ | L5: 6555600 | M5: 6355600 | N5: 6013400
A6: План сбора за квартал | B6: =Таблица814657149176070828388110101118101170180102181188[[#This Row],[Осталось собрать на 31.08.2026]] -> 9997700 | C6: 603500 | D6: =Таблица814657149176070828388110101118101170180102181188193[[#This Row],[Осталось собрать на 31.08.2026]]-Таблица814657149176070828388110101118101170180102181188193[[#This Row],[Факт с 24.08-30.08.2026]] -> 9394200 | K6: Сумма ЧВ у приставов искл | L6: 6477429 | M6: 6447429 | N6: 6447429
A7: Долг действующие | B7: =Таблица814657149176070828388110101118101170180102181188[[#This Row],[Осталось собрать на 31.08.2026]] -> 11624561 | C7: 244100 | D7: =Таблица814657149176070828388110101118101170180102181188193[[#This Row],[Осталось собрать на 31.08.2026]]-Таблица814657149176070828388110101118101170180102181188193[[#This Row],[Факт с 24.08-30.08.2026]] -> 11380461 | K7: Сумма ЧВ в суде искл | L7: 2720400 | M7: 2720400 | N7: 2720400
A8: Долг исключенные | B8: =Таблица814657149176070828388110101118101170180102181188[[#This Row],[Осталось собрать на 31.08.2026]] -> 16919526 | C8: 20416.33 | D8: =Таблица814657149176070828388110101118101170180102181188193[[#This Row],[Осталось собрать на 31.08.2026]]-Таблица814657149176070828388110101118101170180102181188193[[#This Row],[Факт с 24.08-30.08.2026]] -> 16899109 | K8: Поступления по СД искл | L8: 0 | M8: 30000 | N8: 0
A9: Сбор ЧВ по вступившим в этом квартале | B9: =Таблица814657149176070828388110101118101170180102181188[[#This Row],[Осталось собрать на 31.08.2026]] -> 3830000 | C9: 5000 | D9: =Таблица814657149176070828388110101118101170180102181188193[[#This Row],[Осталось собрать на 31.08.2026]]+Таблица814657149176070828388110101118101170180102181188193[[#This Row],[Факт с 24.08-30.08.2026]] -> 3835000 | K9: Поступление по СД действ | L9: 365500 | M9: 200000 | N9: 342200
A10: Переплата | C10: 0 | K10: Итого в суде: | L10: 18217221 | M10: 17987221 | N10: 17645021
A11: Сумма ЧВ у пристовов | C11: =SUM(N4,N6) -> 8911221
A12: Сумма ЧВ в суде | C12: =SUM(N5,N7) -> 8733800 | K12: Барановская
A13: Поступление от судебной деятельности | C13: =SUM(N8:N9) -> 342200 | K13: Наименование | L13: Факт с 31.08-06.09.2026
A14: Итого: | B14: =SUM(B6:B8) -> 38541787 | C14: =SUM(C6:C10) -> 873016.33 | D14: =SUM(D6:D8) -> 37673770 | K14: Счета на юридические услуги | L14: 3
K15: Поступления по юр. Услугам | L15: 130000
A16: Бизнес-групп
A17: Наименование | B17: План на | C17: 31.08.2026 | D17: Факт на | E17: 31.08-06.09.2026 | F17: Поступление на | G17: 31.08-06.09.2026 | H17: План на | I17: 07.09.2026
B18: Количество | C18: Сумма | D18: Количество | E18: Сумма | F18: Количество | G18: Сумма | H18: Количество | I18: Сумма
A19: Выставленные счета на юр. Услугам | B19: =Таблица191[[#This Row],[План на]] -> 10 | C19: =Таблица191[[#This Row],[31.08.2026]] -> 700000 | D19: 5 | E19: 360000 | F19: =4+L14 -> 7 | G19: =260000+L15 -> 390000 | H19: 5 | I19: 350000
A20: Выставленные счета на прохождение экзамена | B20: =Таблица191[[#This Row],[План на]] -> 2 | C20: =Таблица191[[#This Row],[31.08.2026]] -> 84000 | D20: 1 | E20: 42000 | H20: 2 | I20: 84000
A21: Агенское за обучение | F21: 1 | G21: 160800
A22: Ранее выставленные счета на юр. Услуги | F22: 8 | G22: 664450
A23: Ранее выставленные счета на экзамен
A24: Счета на вступления | B24: =Таблица191[[#This Row],[План на]] -> 6 | D24: 3 | H24: 4
A25: Вступления | B25: =Таблица191[[#This Row],[План на]] -> 4 | D25: 1 | H25: 3
A26: Итог: | B26: =Таблица191[[#This Row],[План на]] -> 12 | C26: =Таблица191[[#This Row],[31.08.2026]] -> 784000 | D26: =SUM(D19:D20) -> 6 | E26: =SUM(E19:E20) -> 402000 | F26: =SUM(F19:F23) -> 16 | G26: =SUM(G19:G23) -> 1215250 | H26: =SUM(H19:H20) -> 7 | I26: =SUM(I19:I20) -> 434000
A28: Юрлидер
A29: Наименование | B29: План на | C29: 31.08.2026 | D29: Факт на | E29: 31.08-06.09.2026 | F29: Поступление на | G29: 31.08-06.09.2026 | H29: План на | I29: 07.09.2026
B30: Количество | C30: Сумма | D30: Количество | E30: Сумма | F30: Количество | G30: Сумма | H30: Количество | I30: Сумма
A31: Выставленные счета на юр. Услугам | B31: =Таблица104112172185111182189[[#This Row],[План на]] -> 5 | C31: =Таблица104112172185111182189[[#This Row],[31.08.2026]] -> 325000 | D31: 15 | E31: 565000 | F31: 6 | G31: 175000 | H31: 14 | I31: 320000
A32: Ранее выставленные счета на юр. Услуги | F32: 6 | G32: 425000
A33: Счета на вступления | B33: =Таблица104112172185111182189[[#This Row],[План на]] -> 3 | D33: 2 | H33: 2
A34: Вступления | B34: =Таблица104112172185111182189[[#This Row],[План на]] -> 2 | D34: 1 | H34: 3
A35: Итог: | B35: =Таблица104112172185111182189[[#This Row],[План на]] -> 5 | C35: =Таблица104112172185111182189[[#This Row],[31.08.2026]] -> 325000 | D35: 15 | E35: 565000 | F35: 12 | G35: 600000 | H35: 14 | I35: 320000

Sheet 37 неделя
A1: 37 неделя с 07.09 по 13.09.2026 | K1: =A1 -> 37 неделя с 07.09 по 13.09.2026
A2: ОРС | C2: вставленные данные | K2: Юридический отдел
A3: Ростов | B3: Осталось собрать на 07.09.2026 | C3: Факт с 07.09-13.09.2026 | D3: Осталось собрать на 14.09.2026 | K3: Наименование | L3: Факт с 24.08-30.08.2026 | M3: Факт с 31.08-06.09.2026 | N3: Факт с 07.09-13.09.2026
A4: Начислено за квартал | B4: =Таблица814657149176070828388110101118101170174[[#This Row],[Осталось собрать на 27.07.2026 ]] -> 24966000 | K4: Сумма ЧВ у приставов действ | L4: 2463792 | M4: 2463792 | N4: 2458032.8
A5: Переплата за квартал | B5: =Таблица814657149176070828388110101118101170174[[#This Row],[Осталось собрать на 27.07.2026 ]] -> 3131000 | K5: Сумма ЧВ в суде действ | L5: 6355600 | M5: 6013400 | N5: 5893400
A6: План сбора за квартал | B6: =Таблица814657149176070828388110101118101170180102181188193[[#This Row],[Осталось собрать на 07.09.2026]] -> 9394200 | C6: 501000 | D6: =Таблица814657149176070828388110101118101170180102181188193198[[#This Row],[Осталось собрать на 07.09.2026]]-Таблица814657149176070828388110101118101170180102181188193198[[#This Row],[Факт с 07.09-13.09.2026]] -> 8893200 | K6: Сумма ЧВ у приставов искл | L6: 6447429 | M6: 6447429 | N6: 6199429
A7: Долг действующие | B7: =Таблица814657149176070828388110101118101170180102181188193[[#This Row],[Осталось собрать на 07.09.2026]] -> 11380461 | C7: 376259.2 | D7: =Таблица814657149176070828388110101118101170180102181188193198[[#This Row],[Осталось собрать на 07.09.2026]]-Таблица814657149176070828388110101118101170180102181188193198[[#This Row],[Факт с 07.09-13.09.2026]] -> 11004202 | K7: Сумма ЧВ в суде искл | L7: 2720400 | M7: 2720400 | N7: 2720400
A8: Долг исключенные | B8: =Таблица814657149176070828388110101118101170180102181188193[[#This Row],[Осталось собрать на 07.09.2026]] -> 16899109 | C8: 88000 | D8: =Таблица814657149176070828388110101118101170180102181188193198[[#This Row],[Осталось собрать на 07.09.2026]]-Таблица814657149176070828388110101118101170180102181188193198[[#This Row],[Факт с 07.09-13.09.2026]] -> 16811109 | K8: Поступления по СД искл | L8: 30000 | M8: 0 | N8: 248000
A9: Сбор ЧВ по вступившим в этом квартале | B9: =Таблица814657149176070828388110101118101170180102181188193[[#This Row],[Осталось собрать на 07.09.2026]] -> 3835000 | C9: 10500 | D9: =Таблица814657149176070828388110101118101170180102181188193198[[#This Row],[Осталось собрать на 07.09.2026]]+Таблица814657149176070828388110101118101170180102181188193198[[#This Row],[Факт с 07.09-13.09.2026]] -> 3845500 | K9: Поступление по СД действ | L9: 200000 | M9: 342200 | N9: 125759.2
A10: Переплата | C10: 45000 | K10: Итого в суде: | L10: 17987221 | M10: 17645021 | N10: 17271262
A11: Сумма ЧВ у пристовов | C11: =N4+N6 -> 8657461.8
A12: Сумма ЧВ в суде | C12: =N5+N7 -> 8613800 | K12: Барановская
A13: Поступление от судебной деятельности | C13: =SUM(N8:N9) -> 373759.2 | K13: Наименование | L13: Факт с 07.09-13.09.2026
A14: Итого: | B14: =Таблица814657149176070828388110101118101170180102181188193[[#This Row],[Осталось собрать на 07.09.2026]] -> 37673770 | C14: =SUM(C6:C10) -> 1020759.2 | D14: =SUM(D6:D8) -> 36708511 | K14: Счета на юридические услуги | L14: 2
K15: Поступления по юр. Услугам | L15: 60000
A16: Бизнес-групп
A17: Наименование | B17: План на | C17: 07.09.2026 | D17: Факт на | E17: 07.09-13.09.2026 | F17: Поступление на | G17: 07.09-13.09.2026 | H17: План на | I17: 14.09.2026
B18: Количество | C18: Сумма | D18: Количество | E18: Сумма | F18: Количество | G18: Сумма | H18: Количество | I18: Сумма
A19: Выставленные счета на юр. Услугам | B19: =Таблица191197[[#This Row],[План на]] -> 5 | C19: =Таблица191197[[#This Row],[07.09.2026]] -> 350000 | D19: 2 | E19: 90000 | F19: 2 | G19: 60000 | H19: 4 | I19: 280000
A20: Выставленные счета на прохождение экзамена | B20: =Таблица191197[[#This Row],[План на]] -> 2 | C20: =Таблица191197[[#This Row],[07.09.2026]] -> 84000 | D20: 1 | E20: 42000 | H20: 2 | I20: 84000
A21: Агенское за обучение
A22: Ранее выставленные счета на юр. Услуги | F22: 1 | G22: 80000
A23: Ранее выставленные счета на экзамен
A24: Счета на вступления | B24: =Таблица191197[[#This Row],[План на]] -> 4 | D24: 6 | H24: 4
A25: Вступления | B25: =Таблица191197[[#This Row],[План на]] -> 3 | D25: 4 | H25: 4
A26: Итог: | B26: =Таблица191197[[#This Row],[План на]] -> 7 | C26: =Таблица191197[[#This Row],[07.09.2026]] -> 434000 | D26: =SUM(D19:D20) -> 3 | E26: =SUM(E19:E20) -> 132000 | F26: =SUM(F19:F22) -> 3 | G26: =SUM(G19:G22) -> 140000 | H26: =SUM(H19:H20) -> 6 | I26: =SUM(I19:I20) -> 364000
A28: Юрлидер
A29: Наименование | B29: План на | C29: 07.09.2026 | D29: Факт на | E29: 07.09-13.09.2026 | F29: Поступление на | G29: 07.09-13.09.2026 | H29: План на | I29: 14.09.2026
B30: Количество | C30: Сумма | D30: Количество | E30: Сумма | F30: Количество | G30: Сумма | H30: Количество | I30: Сумма
A31: Выставленные счета на юр. Услугам | B31: =Таблица104112172185111182189194[[#This Row],[План на]] -> 14 | C31: =Таблица104112172185111182189194[[#This Row],[07.09.2026]] -> 320000 | D31: 38 | E31: 1897000 | F31: 5 | G31: 205000 | H31: 46 | I31: 550000
A32: Ранее выставленные счета на юр. Услуги | F32: 8 | G32: 305000
A33: Счета на вступления | B33: =Таблица104112172185111182189194[[#This Row],[План на]] -> 2 | D33: 5 | H33: 2
A34: Вступления | B34: =Таблица104112172185111182189194[[#This Row],[План на]] -> 3 | D34: 3 | H34: 3
A35: Итог: | B35: =Таблица104112172185111182189194[[#This Row],[План на]] -> 14 | C35: =Таблица104112172185111182189194[[#This Row],[07.09.2026]] -> 320000 | D35: 38 | E35: 1897000 | F35: 13 | G35: 510000 | H35: 46 | I35: 550000

Sheet 38 неделя
A1: 38 неделя с 14.09 по 20.09.2026 | K1: =A1 -> 38 неделя с 14.09 по 20.09.2026
A2: ОРС | K2: Юридический отдел
A3: Ростов | B3: Осталось собрать на 14.09.2026 | C3: Факт с 14.09-20.09.2026 | D3: Осталось собрать на 21.09.2026 | K3: Наименование | L3: Факт с 31.08-06.09.2026 | M3: Столбец1 | N3: Факт с 07.09-13.09.2026 | O3: Столбец2 | P3: Факт с 14.09-20.09.2026 | Q3: Поступление
A4: Начислено за квартал | B4: =Таблица814657149176070828388110101118101170174[[#This Row],[Осталось собрать на 27.07.2026 ]] -> 24966000 | K4: Сумма ЧВ у приставов действ | L4: 2463792 | M4: =Таблица9390112102120102168173177186171183190195200[[#This Row],[Факт с 24.08-30.08.2026]]-Таблица204[[#This Row],[Факт с 31.08-06.09.2026]] -> 0 | N4: 2458032.8 | O4: =Таблица204[[#This Row],[Факт с 31.08-06.09.2026]]-Таблица204[[#This Row],[Факт с 07.09-13.09.2026]] -> 5759.2 | P4: 2388792 | Q4: =N4-P4 -> 69240.8
A5: Переплата за квартал | B5: =Таблица814657149176070828388110101118101170174[[#This Row],[Осталось собрать на 27.07.2026 ]] -> 3131000 | K5: Сумма ЧВ в суде действ | L5: 6013400 | M5: =Таблица9390112102120102168173177186171183190195200[[#This Row],[Факт с 24.08-30.08.2026]]-Таблица204[[#This Row],[Факт с 31.08-06.09.2026]] -> 342200 | N5: 5893400 | O5: =Таблица204[[#This Row],[Факт с 31.08-06.09.2026]]-Таблица204[[#This Row],[Факт с 07.09-13.09.2026]] -> 120000 | P5: 5893400 | Q5: =N5-P5 -> 0
A6: План сбора за квартал | B6: =Таблица814657149176070828388110101118101170180102181188193198[[#This Row],[ Осталось собрать на 14.09.2026]] -> 8893200 | C6: 222000 | D6: 8701200 | K6: Сумма ЧВ у приставов искл | L6: 6447429 | M6: =Таблица9390112102120102168173177186171183190195200[[#This Row],[Факт с 24.08-30.08.2026]]-Таблица204[[#This Row],[Факт с 31.08-06.09.2026]] -> 0 | N6: 6199429 | O6: =Таблица204[[#This Row],[Факт с 31.08-06.09.2026]]-Таблица204[[#This Row],[Факт с 07.09-13.09.2026]] -> 248000 | P6: 6185762.3 | Q6: =N6-P6 -> 13666.66
A7: Долг действующие | B7: =Таблица814657149176070828388110101118101170180102181188193198[[#This Row],[ Осталось собрать на 14.09.2026]] -> 11004202 | C7: 139240.8 | D7: 10864961 | K7: Сумма ЧВ в суде искл | L7: 2720400 | M7: =Таблица9390112102120102168173177186171183190195200[[#This Row],[Факт с 24.08-30.08.2026]]-Таблица204[[#This Row],[Факт с 31.08-06.09.2026]] -> 0 | N7: 2720400 | O7: =Таблица204[[#This Row],[Факт с 31.08-06.09.2026]]-Таблица204[[#This Row],[Факт с 07.09-13.09.2026]] -> 0 | P7: 2720400 | Q7: =N7-P7 -> 0
A8: Долг исключенные | B8: =Таблица814657149176070828388110101118101170180102181188193198[[#This Row],[ Осталось собрать на 14.09.2026]] -> 16811109 | C8: 13670.32 | D8: 16797439 | K8: Поступления по СД искл | L8: 0 | N8: 248000 | P8: 13666.66
A9: Сбор ЧВ по вступившим в этом квартале | B9: =Таблица814657149176070828388110101118101170180102181188193198[[#This Row],[ Осталось собрать на 14.09.2026]] -> 3845500 | C9: 105000 | D9: 3920500 | K9: Поступление по СД действ | L9: 342200 | N9: 125759.2 | P9: 69240.8
A10: Переплата | C10: 85000 | K10: Итого в суде: | L10: 17645021 | M10: =Таблица9390112102120102168173177186171183190195200[[#This Row],[Факт с 24.08-30.08.2026]]-Таблица204[[#This Row],[Факт с 31.08-06.09.2026]] -> 342200 | N10: 17271262 | O10: =L10-N10 -> 373759.2 | P10: 17188354 | Q10: =N10-P10 -> 82907.46
A11: Сумма ЧВ у пристовов | C11: =SUM(P4,P6) -> 8574554.3
A12: Сумма ЧВ в суде | C12: =SUM(P5,P7) -> 8613800 | K12: Барановская
A13: Поступление от судебной деятельности | C13: =SUM(P8:P9) -> 82907.46 | K13: Наименование | L13: Факт с 14.09-20.09.2026
A14: Итого: | B14: =Таблица814657149176070828388110101118101170180102181188193198[[#This Row],[ Осталось собрать на 14.09.2026]] -> 36708511 | C14: =SUM(C6:C10) -> 564911.12 | D14: =SUM(D6:D8) -> 36363600 | K14: Счета на юридические услуги | L14: 0
K15: Поступления по юр. Услугам | L15: 0
A16: Бизнес-групп
A17: Наименование | B17: План на | C17: 14.09.2026 | D17: Факт на | E17: 14.09-20.09.2026 | F17: Поступление на | G17: 14.09-20.09.2026 | H17: План на | I17: 21.09.2026
B18: Количество | C18: Сумма | D18: Количество | E18: Сумма | F18: Количество | G18: Сумма | H18: Количество | I18: Сумма
A19: Выставленные счета на юр. Услугам | B19: =Таблица191197202[[#This Row],[План на]] -> 4 | C19: =Таблица191197202[[#This Row],[14.09.2026]] -> 280000 | D19: 8 | E19: 930000 | F19: 6 | G19: 690000 | H19: 35 | I19: 2000000
A20: Выставленные счета на прохождение экзамена | B20: =Таблица191197202[[#This Row],[План на]] -> 2 | C20: =Таблица191197202[[#This Row],[14.09.2026]] -> 84000 | D20: 1 | E20: 42000 | H20: 1 | I20: 42000
A21: Агенское за обучение
A22: Ранее выставленные счета на юр. Услуги | F22: 2 | G22: 90000
A23: Ранее выставленные счета на экзамен | F23: 1 | G23: 42000
A24: Счета на вступления | B24: =Таблица191197202[[#This Row],[План на]] -> 4 | D24: 9 | H24: 6
A25: Вступления | B25: =Таблица191197202[[#This Row],[План на]] -> 4 | D25: 2 | H25: 6
A26: Итог: | B26: =Таблица191197202[[#This Row],[План на]] -> 6 | C26: =Таблица191197202[[#This Row],[14.09.2026]] -> 364000 | D26: =SUM(D19:D20) -> 9 | E26: =SUM(E19:E20) -> 972000 | F26: =SUM(F19:F23) -> 9 | G26: =SUM(G19:G23) -> 822000 | H26: =SUM(H19:H20) -> 36 | I26: =SUM(I19:I20) -> 2042000
A28: Юрлидер
A29: Наименование | B29: План на | C29: 14.09.2026 | D29: Факт на | E29: 14.09-20.09.2026 | F29: Поступление на | G29: 14.09-20.09.2026 | H29: План на | I29: 21.09.2026
B30: Количество | C30: Сумма | D30: Количество | E30: Сумма | F30: Количество | G30: Сумма | H30: Количество | I30: Сумма
A31: Выставленные счета на юр. Услугам | B31: =Таблица104112172185111182189194199[[#This Row],[План на]] -> 46 | C31: =Таблица104112172185111182189194199[[#This Row],[14.09.2026]] -> 550000 | D31: 55 | E31: 2405000 | F31: 22 | G31: 925000 | H31: 14 | I31: 670000
A32: Ранее выставленные счета на юр. Услуги | F32: 18 | G32: 817000
A33: Счета на вступления | B33: =Таблица104112172185111182189194199[[#This Row],[План на]] -> 2 | D33: 5 | H33: 3
A34: Вступления | B34: =Таблица104112172185111182189194199[[#This Row],[План на]] -> 3 | D34: 2 | H34: 3
A35: Итог: | B35: =Таблица104112172185111182189194199[[#This Row],[План на]] -> 46 | C35: =Таблица104112172185111182189194199[[#This Row],[14.09.2026]] -> 550000 | D35: 55 | E35: 2405000 | F35: 40 | G35: 1742000 | H35: 14 | I35: 670000

Sheet 39 неделя
A1: 39 неделя с 21.09 по 27.09.2026 | K1: =A1 -> 39 неделя с 21.09 по 27.09.2026
A2: ОРС | K2: Юридический отдел
A3: Ростов | B3: Осталось собрать на 21.09.2026 | C3: Факт с 21.09-27.09.2026 | D3: Осталось собрать на 28.09.2026 | K3: Наименование | L3: Активы с 07.09-13.09.2026 | M3: Поступление | N3: Активы с 14.09-20.09.2026 | O3: Поступление | P3: Активы с 21.09-27.09.2026 | Q3: Поступление
A4: Начислено за квартал | B4: ='[1]38 неделя'!B4 -> 24966000 | K4: Сумма ЧВ у приставов действ | L4: 2458032.8 | M4: =Таблица204[[#This Row],[Факт с 31.08-06.09.2026]]-Таблица204[[#This Row],[Факт с 07.09-13.09.2026]] -> 5759.2 | N4: 2388792 | O4: =L4-N4 -> 69240.8 | P4: 2298792 | Q4: =N4-P4 -> 90000
A5: Переплата за квартал | B5: ='[1]38 неделя'!B5 -> 3131000 | K5: Сумма ЧВ в суде действ | L5: 5893400 | M5: =Таблица204[[#This Row],[Факт с 31.08-06.09.2026]]-Таблица204[[#This Row],[Факт с 07.09-13.09.2026]] -> 120000 | N5: 5893400 | O5: =L5-N5 -> 0 | P5: 5726400 | Q5: =N5-P5 -> 167000
A6: План сбора за квартал | B6: ='[1]38 неделя'!D6 -> 8671200 | C6: 440000 | D6: =B6-C6 -> 8231200 | K6: Сумма ЧВ у приставов искл | L6: 6199429 | M6: =Таблица204[[#This Row],[Факт с 31.08-06.09.2026]]-Таблица204[[#This Row],[Факт с 07.09-13.09.2026]] -> 248000 | N6: 6185762.3 | O6: =L6-N6 -> 13666.66 | P6: 6067762.3 | Q6: =N6-P6 -> 118000
A7: Долг действующие | B7: ='[1]38 неделя'!D7 -> 10864961 | C7: 253826.62 | D7: =B7-C7 -> 10611134 | K7: Сумма ЧВ в суде искл | L7: 2720400 | M7: =Таблица204[[#This Row],[Факт с 31.08-06.09.2026]]-Таблица204[[#This Row],[Факт с 07.09-13.09.2026]] -> 0 | N7: 2720400 | O7: =L7-N7 -> 0 | P7: 2497900 | Q7: =N7-P7 -> 222500
A8: Долг исключенные | B8: ='[1]38 неделя'!D8 -> 16726109 | C8: 340500 | D8: =B8-C8 -> 16385609 | K8: Поступления по СД искл | L8: 248000 | N8: 13666.66 | P8: 340500
A9: Сбор ЧВ по вступившим в этом квартале | B9: ='[1]38 неделя'!D9 -> 4015000 | C9: 220000 | D9: =B9+C9 -> 4235000 | K9: Поступление по СД действ | L9: 125759.2 | N9: 69240.8 | P9: 257000
A10: Переплата | C10: 150000 | K10: Итого в суде: | L10: 17271262 | M10: =SUM(M4:M7) -> 373759.2 | N10: 17188354 | O10: =L10-N10 -> 82907.46 | P10: =SUM(P4,P5,P6,P7) -> 16590854 | Q10: =N10-P10 -> 597500
A11: Сумма ЧВ у пристовов | C11: =SUM(P4,P6) -> 8366554.3
A12: Сумма ЧВ в суде | C12: =SUM(P5,P7) -> 8224300 | K12: Барановская
A13: Поступление от судебной деятельности | C13: =SUM(P8,P9) -> 597500 | K13: Наименование | L13: Факт с 21.09-27.09.2026
A14: Итого: | B14: =SUM(B6:B8) -> 36262270 | C14: =SUM(C6,C7,C8,C10) -> 1184326.6 | D14: =SUM(D6:D8) -> 35227944 | K14: Счета на юридические услуги | L14: 0
K15: Поступления по юр. Услугам | L15: 0
A16: Бизнес-групп
A17: Наименование | B17: План на | C17: 21.09.2026 | D17: Факт на | E17: 21.09-27.09.2026 | F17: Поступление на | G17: 21.09-27.09.2026 | H17: План на | I17: 28.09.2026
B18: Количество | C18: Сумма | D18: Количество | E18: Сумма | F18: Количество | G18: Сумма | H18: Количество | I18: Сумма
A19: Выставленные счета на юр. Услугам | B19: ='[1]38 неделя'!H19 -> 35 | C19: ='[1]38 неделя'!I19 -> 2000000 | D19: 31 | E19: 2420000 | F19: =18+L14 -> 18 | G19: =1370000+L15 -> 1370000 | H19: 10 | I19: 700000
A20: Выставленные счета на прохождение экзамена | B20: ='[1]38 неделя'!H20 -> 1 | C20: ='[1]38 неделя'!I20 -> 42000 | D20: 2 | E20: 84000 | F20: 1 | G20: 84000 | H20: 1 | I20: 42000
A21: Агенское за обучение
A22: Ранее выставленные счета на юр. Услуги | F22: 2 | G22: 250000
A23: Ранее выставленные счета на экзамен
A24: Счета на вступления | B24: ='[1]38 неделя'!H24 -> 6 | D24: 4 | H24: 5
A25: Вступления | B25: ='[1]38 неделя'!H25 -> 6 | D25: 6 | H25: 4
A26: Итог: | B26: =SUM(B19:B20) -> 36 | C26: =SUM(C19:C20) -> 2042000 | D26: =SUM(D19:D20) -> 33 | E26: =SUM(E19:E20) -> 2504000 | F26: =SUM(F19:F23) -> 21 | G26: =SUM(G19:G23) -> 1704000 | H26: =SUM(H19:H20) -> 11 | I26: =SUM(I19:I20) -> 742000
A28: Юрлидер
A29: Наименование | B29: План на | C29: 21.09.2026 | D29: Факт на | E29: 21.09-27.09.2026 | F29: Поступление на | G29: 21.09-27.09.2026 | H29: План на | I29: 28.09.2026
B30: Количество | C30: Сумма | D30: Количество | E30: Сумма | F30: Количество | G30: Сумма | H30: Количество | I30: Сумма
A31: Выставленные счета на юр. Услугам | B31: ='[1]38 неделя'!H31 -> 14 | C31: ='[1]38 неделя'!I31 -> 670000 | D31: 14 | E31: 895000 | F31: 8 | G31: 535000 | H31: 11 | I31: 530000
A32: Ранее выставленные счета на юр. Услуги | F32: 14 | G32: 745000
A33: Счета на вступления | B33: ='[1]38 неделя'!H33 -> 3 | D33: 5 | H33: 3
A34: Вступления | B34: ='[1]38 неделя'!H34 -> 3 | D34: 4 | H34: 2
A35: Итог: | B35: =SUM(B31) -> 14 | C35: =SUM(C31) -> 670000 | D35: 14 | E35: 895000 | F35: 22 | G35: 1280000 | H35: 11 | I35: 530000

Sheet 40 неделя
A1: 40 неделя с 28.09 по 04.10.2026 | L1: =A1 -> 40 неделя с 28.09 по 04.10.2026
A2: ОРС | L2: Юридический отдел
A3: № | B3: Ростов | C3: Осталось собрать на 28.09.2026 | D3: Факт с 28.09-04.10.2026 | E3: Осталось собрать на 05.10.2026 | L3: № | M3: Наименование | N3: Активы с 14.09-20.09.2026 | O3: Поступление | P3: Активы с 21.09-27.09.2026 | Q3: Поступление | R3: Активы с 28.09-04.10.2026 | S3: Поступление
A4: 1 | B4: Начислено за квартал | C4: 25024500 | L4: 1 | M4: Сумма ЧВ у приставов действ | N4: 2388792 | O4: =Таблица204211[[#This Row],[Активы с 07.09-13.09.2026]]-Таблица220[[#This Row],[Активы с 14.09-20.09.2026]] -> 69240.8 | P4: 2298792 | Q4: =N4-P4 -> 90000 | R4: 5060600 | S4: 119000
A5: =A4+1 -> 2 | B5: Переплата за квартал | C5: 2926100 | L5: =L4+1 -> 2 | M5: Сумма ЧВ в суде действ | N5: 5893400 | O5: =Таблица204211[[#This Row],[Активы с 07.09-13.09.2026]]-Таблица220[[#This Row],[Активы с 14.09-20.09.2026]] -> 0 | P5: 5726400 | Q5: =N5-P5 -> 167000 | R5: 5679000 | S5: 0
A6: =A5+1 -> 3 | B6: План сбора за квартал | C6: 22098400 | D6: 2845000 | E6: =Таблица217[[#This Row],[Осталось собрать на 28.09.2026]]-Таблица217[[#This Row],[Факт с 28.09-04.10.2026]]-D9 -> 19208400 | L6: =L5+1 -> 3 | M6: Сумма ЧВ у приставов искл | N6: 6185762.3 | O6: =Таблица204211[[#This Row],[Активы с 07.09-13.09.2026]]-Таблица220[[#This Row],[Активы с 14.09-20.09.2026]] -> 13666.66 | P6: 6067762.3 | Q6: =N6-P6 -> 118000 | R6: 10997000 | S6: 116326.62
A7: =A6+1 -> 4 | B7: Долг действующие | C7: 18268534 | D7: 688500 | E7: =Таблица217[[#This Row],[Осталось собрать на 28.09.2026]]-Таблица217[[#This Row],[Факт с 28.09-04.10.2026]] -> 17580034 | L7: =L6+1 -> 4 | M7: Сумма ЧВ в суде искл | N7: 2720400 | O7: =Таблица204211[[#This Row],[Активы с 07.09-13.09.2026]]-Таблица220[[#This Row],[Активы с 14.09-20.09.2026]] -> 0 | P7: 2497900 | Q7: =N7-P7 -> 222500 | R7: 420500 | S7: 0
A8: =A7+1 -> 5 | B8: Долг исключенные | C8: 17713243 | D8: 85000 | E8: =Таблица217[[#This Row],[Осталось собрать на 28.09.2026]]-Таблица217[[#This Row],[Факт с 28.09-04.10.2026]] -> 17628243 | L8: =L7+1 -> 5 | M8: Поступления по СД искл | N8: 13666.66 | P8: 340500 | R8: 119000
A9: =A8+1 -> 6 | B9: Сбор ЧВ по вступившим в этом квартале | D9: 45000 | L9: =L8+1 -> 6 | M9: Поступление по СД действ | N9: 69240.8 | P9: 257000 | R9: 116326.62
A10: =A9+1 -> 7 | B10: Переплата ЧВ по вступившим | D10: 75000 | M10: Итого в суде: | N10: 17188354 | O10: =SUM(O4:O7) -> 82907.46 | P10: =SUM(P4,P5,P6,P7) -> 16590854 | Q10: =SUM(Q4:Q7) -> 597500 | R10: =SUM(R4:R7) -> 22157100 | S10: =SUM(S4:S7) -> 235326.62
A11: =A10+1 -> 8 | B11: Переплата | D11: 45000
A12: =A11+1 -> 9 | B12: Сумма ЧВ у пристовов | D12: =SUM(R4,R6) -> 16057600 | L12: Барановская
A13: =A12+1 -> 10 | B13: Сумма ЧВ в суде | D13: =SUM(R5,R7) -> 6099500 | L13: № | M13: Наименование | N13: Факт с 28.09-04.10.2026
A14: =A13+1 -> 11 | B14: Поступление от судебной деятельности | D14: =SUM(R8:R9) -> 235326.62 | L14: 1 | M14: Счета на юридические услуги | N14: 1
B15: Итого: | C15: =SUM(C6:C8) -> 58080177 | D15: =SUM(D6:D11) -> 3783500 | E15: =SUM(E6:E8) -> 54416677 | L15: 2 | M15: Поступления по юр. Услугам | N15: 30000
A17: Бизнес-групп
A18: № | B18: Наименование | C18: План на | D18: 28.10.2026 | E18: Факт на | F18: 28.09-04.10.2026 | G18: Поступление на | H18: 28.09-04.10.2026 | I18: План на | J18: 05.10.2026
C19: Количество | D19: Сумма | E19: Количество | F19: Сумма | G19: Количество | H19: Сумма | I19: Количество | J19: Сумма
A20: 1 | B20: Выставленные счета на юр. Услугам | C20: ='39 неделя'!H19 -> 10 | D20: ='39 неделя'!I19 -> 700000 | E20: =13+N14 -> 14 | F20: =1070000+N15 -> 1100000 | G20: 9 | H20: 585000 | I20: 6 | J20: 420000
A21: =A20+1 -> 2 | B21: Выставленные счета на прохождение экзамена | C21: ='39 неделя'!H20 -> 1 | D21: ='39 неделя'!I20 -> 42000 | E21: 2 | F21: 84000 | G21: 1 | H21: 42000 | I21: 2 | J21: 84000
A22: =A21+1 -> 3 | B22: Агенское за обучение | G22: 1 | H22: 61800
A23: =A22+1 -> 4 | B23: Ранее выставленные счета на юр. Услуги | G23: 4 | H23: 350000
A24: =A23+1 -> 5 | B24: Ранее выставленные счета на экзамен
A25: =A24+1 -> 6 | B25: Счета на вступления | C25: ='39 неделя'!H24 -> 5 | E25: 7 | I25: 5
A26: =A25+1 -> 7 | B26: Вступления | C26: ='39 неделя'!H25 -> 4 | G26: 3 | I26: 4
B27: Итог: | D27: ='39 неделя'!I26 -> 742000 | F27: =SUM(F20:F21) -> 1184000 | H27: =SUM(H20:H23) -> 1038800 | J27: =SUM(J20:J21) -> 504000
A29: Юрлидер
A30: № | B30: Наименование | C30: План на | D30: 28.10.2026 | E30: Факт на | F30: 28.09-04.10.2026 | G30: Поступление на | H30: 28.09-04.10.2026 | I30: План на | J30: 05.10.2026
C31: Количество | D31: Сумма | E31: Количество | F31: Сумма | G31: Количество | H31: Сумма | I31: Количество | J31: Сумма
A32: 1 | B32: Выставленные счета на юр. Услугам | C32: 11 | D32: 530000 | E32: 7 | F32: 365000 | G32: 3 | H32: 120000 | I32: 12 | J32: 320000
A33: =A32+1 -> 2 | B33: Ранее выставленные счета на юр. Услуги | G33: 12 | H33: 455000
A34: =A33+1 -> 3 | B34: Счета на вступления | C34: 3 | E34: 5 | I34: 3
A35: =A34+1 -> 4 | B35: Вступления | C35: 2 | G35: 2 | I35: 3
B36: Итог: | D36: 530000 | F36: 365000 | H36: 575000 | J36: 320000
